date,bitcoin,bitcoin_cash,ethereum,litecoin,ripple
16/7/2017,1900.86,321.702,149.804,41.958,0.161574
13/1/2015,293.754,212.215,,1.65324,0.0207838
16/10/2013,133.99,,,2.01653,0.0141405
16/3/2014,573.53,,,16.1083,0.0158142
5/8/2016,573.437,409.987,10.9807,3.71733,0.00573744
14/10/2016,637.365,454.066,11.8184,3.91315,0.00799648
23/6/2015,243.995,737.044,,3.01047,0.0109
12/7/2016,646.921,480.411,10.3507,4.1005,0.00663127
29/12/2013,850.15,,,26.3484,0.0234149
19/6/2013,121.16,,,2.83148,
26/4/2015,234.599,295.027,,1.42956,0.00802036
29/11/2016,736.835,425.751,8.81287,3.8826,0.00702869
19/11/2013,216.48,,,3.08807,0.00653112
20/5/2013,111.25,,,3.50733,
10/10/2014,376.265,358.818,,3.56901,0.0047863
7/10/2017,4418.22,384.663,311.854,52.4993,0.241897
22/5/2017,2075.14,311.642,140.911,26.2407,0.340607
29/6/2017,2536.94,327.955,315.543,41.4514,0.265626
11/9/2017,4231.63,341.484,293.915,69.5672,0.218316
8/2/2016,377.141,652.855,2.58442,3.10618,0.00840491
26/12/2013,852.89,,,30.7196,0.034352
3/1/2014,711.94,,,16.9291,0.0215525
8/3/2015,270.295,277.651,,1.92551,0.00986581
19/8/2015,261.6,649.421,1.2777,3.99292,0.00828588
23/12/2013,837.82,,,35.1318,0.0437476
16/2/2017,1005.66,339.127,12.8412,3.79724,0.00617138
11/10/2013,128.92,,,2.34505,0.0100193
30/12/2013,868.93,,,23.2584,0.0183658
3/9/2015,227.657,635.308,1.36205,2.81762,0.00781776
17/7/2014,624.45,,,7.84225,0.00427641
13/2/2017,1000.53,344.096,11.3418,3.76948,0.00629487
21/10/2013,128.78,,,2.05116,0.00946689
18/3/2014,663.72,,,15.853,0.0152577
8/11/2014,329.199,287.529,,3.59228,0.00478919
21/9/2015,232.424,607.602,0.854085,2.84883,0.0074333
19/5/2017,1826.55,312.977,94.3087,28.1173,0.340955
5/11/2016,706.089,440.558,10.9237,3.8658,0.0081554
12/7/2017,2377.5,324.072,216.768,47.1294,0.202495
20/8/2015,258.241,652.695,1.25111,3.86625,0.00818984
5/3/2014,625.23,,,14.0435,0.0147336
24/6/2016,593.038,464.895,12.8942,3.79965,0.00659157
9/6/2017,2728.54,321.73,257.089,30.3556,0.299493
28/5/2016,474.069,418.476,10.9294,4.58693,0.00567117
6/10/2014,381.14,388.829,,4.4236,0.00466731
28/9/2015,233.933,611.761,0.742177,2.88772,0.00652355
15/2/2016,394.577,610.109,4.53955,3.20012,0.00849379
3/1/2017,1025.88,364.326,8.16096,4.64779,0.00632116
9/10/2015,244.574,600.924,0.619119,3.06803,0.00546343
25/6/2013,99.7497,,,2.39022,
9/8/2013,94.525,,,2.8811,
5/2/2015,232.025,333.244,,1.78606,0.0142929
2/6/2017,2426.31,371.313,222.204,28.591,0.320625
10/6/2014,569.327,,,11.2675,0.00398346
1/5/2017,1318.21,319.626,71.7681,15.694,0.0529755
11/6/2014,617.077,,,11.2579,0.00418457
16/7/2014,622.017,,,7.8269,0.00405905
2/11/2016,726.507,441.41,10.7339,4.09367,0.00810043
25/4/2015,225.39,298.53,,1.45342,0.00801679
20/3/2014,655.21,,,16.0151,0.0145256
9/3/2015,282.029,275.1,,1.88902,0.011306
26/4/2017,1257.93,320.215,49.9819,15.0808,0.0331913
20/9/2013,127.28,,,2.70368,0.00562712
8/11/2016,702.993,439.625,10.8421,3.83969,0.00813428
8/5/2017,1563.12,313.098,96.764,29.8113,0.143311
26/7/2016,655.454,424.576,13.1423,4.0451,0.00625067
6/2/2017,1027.57,360.531,11.3776,4.05986,0.00645244
11/11/2015,384.491,589.909,0.995461,3.43616,0.00460463
12/2/2015,228.917,340.596,,1.73421,0.0145149
21/9/2014,480.77,378.155,,5.13732,0.00507622
17/6/2014,657.275,,,11.2512,0.00395427
11/12/2013,909.0,,,50.266,0.0234877
28/3/2014,631.85,,,17.3328,0.0140547
1/9/2014,511.395,383.892,,5.75518,0.00483172
15/9/2015,239.852,629.19,0.985603,2.81492,0.0081906
15/12/2016,781.489,400.944,8.37242,3.63431,0.00668029
16/8/2017,4362.77,328.811,301.199,44.1761,0.158962
29/12/2015,423.26,534.764,0.872314,3.47121,0.00640125
8/12/2014,379.968,429.148,,3.61066,0.0130502
17/11/2014,359.944,384.977,,4.07659,0.00500898
10/8/2013,96.9499,,,2.8854,
30/11/2016,736.4,419.996,8.13552,3.87718,0.00677986
7/4/2014,573.041,,,14.2691,0.0110146
30/10/2014,372.734,332.807,,3.68964,0.00489299
16/12/2013,997.84,,,34.9061,0.0491969
1/9/2017,4928.03,329.76,386.834,81.7752,0.231627
8/11/2013,190.36,,,2.21626,0.00678454
30/6/2015,243.489,825.535,,3.2676,0.0112761
1/5/2014,471.864,,,12.4269,0.00625063
15/11/2016,702.443,426.697,9.98124,3.87377,0.00810799
7/8/2014,576.811,554.098,,7.69851,0.00526927
29/11/2014,358.654,661.878,,3.68551,0.00844021
18/6/2015,233.493,752.686,,2.76529,0.00915143
11/5/2014,447.438,,,10.9216,0.00538186
11/11/2014,326.202,291.232,,3.65656,0.0048564
11/7/2015,266.341,672.003,,7.7559,0.00928618
30/7/2013,94.0,,,3.1363,
18/11/2016,741.735,421.079,10.0031,3.93971,0.00771887
24/6/2013,108.401,,,2.48252,
22/9/2013,121.18,,,2.65835,0.005577
28/9/2013,136.31,,,2.66533,0.00585396
9/10/2017,4817.89,386.623,296.085,50.1389,0.250479
27/8/2017,4318.65,330.912,340.292,60.7265,0.200512
30/3/2015,245.087,324.909,,1.69098,0.00881502
23/9/2014,476.807,388.375,,5.01325,0.00537436
28/1/2016,391.598,616.481,2.44927,3.25662,0.00572488
28/1/2015,226.646,268.085,,2.17421,0.0166212
10/10/2017,4793.33,394.96,302.604,50.6753,0.26502
6/7/2017,2592.87,329.734,272.236,51.5658,0.254859
3/7/2014,604.541,,,9.67275,0.00414601
6/12/2014,378.912,483.32,,3.57223,0.011174
21/6/2014,657.994,,,10.3879,0.00437163
19/12/2014,346.567,354.145,,3.08671,0.0171612
18/10/2015,259.286,581.851,0.527295,3.10603,0.00542066
30/12/2015,419.759,523.068,0.843111,3.47114,0.00634144
21/5/2017,1994.03,313.46,128.898,27.357,0.354959
20/3/2017,1002.16,312.982,40.153,3.95643,0.00696387
5/7/2017,2562.64,327.787,264.446,52.5788,0.256219
26/2/2015,243.83,311.615,,1.80342,0.0133728
10/10/2015,243.066,595.855,0.599494,3.10635,0.0050897
1/8/2014,601.158,,,7.60359,0.00605148
14/8/2013,101.5,,,2.93786,
23/11/2014,386.854,373.782,,3.80553,0.0054123
5/6/2015,222.597,508.725,,1.69067,0.00802259
17/12/2015,461.439,572.95,0.993618,3.72704,0.00660802
11/10/2015,243.479,598.191,0.660658,3.1345,0.00494066
19/7/2014,629.174,,,8.74961,0.00428851
1/9/2016,574.893,423.851,11.5285,3.78704,0.00603448
21/11/2013,256.82,,,4.5758,0.00719038
17/9/2015,227.961,628.548,0.982715,2.82994,0.00774007
12/12/2013,983.78,,,35.7801,0.0297636
4/11/2014,357.405,288.838,,3.77611,0.00478861
8/9/2013,119.0,,,2.57915,0.00633807
15/6/2017,2635.36,329.357,369.031,29.6445,0.27127
21/8/2017,3889.24,337.192,326.064,46.4216,0.17455
4/6/2013,120.501,,,3.08331,
13/4/2015,244.848,307.061,,1.50615,0.00872743
23/11/2016,740.754,422.22,9.94256,3.95234,0.00741872
10/3/2014,497.98,,,14.1769,0.0138436
4/11/2016,736.802,439.226,11.0141,3.87268,0.0080637
17/7/2015,291.531,607.828,,4.22417,0.00870321
28/7/2015,287.267,662.959,,4.63491,0.00788424
5/7/2015,259.09,717.484,,4.12938,0.0110144
29/4/2016,441.663,416.277,7.33041,3.73086,0.00668921
22/3/2017,1094.32,314.861,43.9347,3.98952,0.00693251
31/10/2013,151.76,,,1.91093,0.00853884
23/2/2015,241.633,323.009,,1.83606,0.0137964
22/12/2013,694.46,,,30.6586,0.0386676
11/6/2017,2875.41,321.548,315.373,30.3299,0.264201
24/10/2013,127.37,,,2.08044,0.00933073
6/6/2015,225.695,478.201,,1.66712,0.00791112
20/2/2016,422.59,583.098,4.65464,3.26804,0.00805601
23/6/2016,672.253,458.016,13.7616,4.00135,0.00614334
1/6/2014,483.302,,,11.4798,0.00440486
1/11/2013,144.13,,,1.95658,0.00798699
6/11/2016,704.692,442.83,11.038,3.87113,0.00822575
17/3/2016,416.812,549.563,13.2124,3.30004,0.0082231
16/4/2014,436.883,,,11.5932,0.00828741
12/2/2014,825.36,,,22.9952,0.0206331
24/2/2014,668.35,,,16.412,0.0167991
28/12/2014,333.14,239.799,,2.67985,0.0242041
10/4/2014,491.286,,,12.9836,0.00905744
4/12/2016,768.924,419.28,7.8326,3.92969,0.00658653
19/9/2014,474.61,395.569,,5.45743,0.00469648
19/9/2017,3916.37,341.406,282.431,52.7486,0.184329
20/9/2017,3896.09,343.884,284.456,51.218,0.180318
5/8/2017,3270.47,325.943,249.049,45.6491,0.184691
16/10/2015,250.13,591.864,0.52611,3.12902,0.00544705
13/5/2014,450.762,,,10.3099,0.00497903
2/7/2014,591.765,,,9.6964,0.00406707
29/8/2015,224.639,638.9,1.13735,2.84544,0.00760642
16/5/2016,455.797,418.252,10.1447,4.0683,0.00601859
5/1/2014,609.69,,,17.344,0.0231614
23/7/2013,77.502,,,2.5908,
6/6/2016,577.988,424.367,13.8547,4.79822,0.00581308
27/2/2014,563.37,,,15.4229,0.0161888
16/1/2017,821.69,364.878,9.89553,3.92204,0.00681552
12/3/2017,1190.7,317.648,20.0186,3.79003,0.00618448
28/10/2015,283.626,571.409,0.680178,3.09472,0.00466002
21/1/2014,919.1,,,24.0103,0.0231652
18/1/2016,382.775,543.963,1.24347,3.05192,0.00506525
22/2/2017,1102.94,326.449,12.7302,3.78978,0.00585802
4/12/2013,674.71,,,9.09769,0.0109638
3/4/2017,1084.98,313.601,49.4834,7.69709,0.0556389
3/6/2017,2400.16,370.734,221.122,28.9329,0.303287
7/6/2013,123.0,,,3.14642,
26/3/2017,950.005,312.468,49.4783,4.07259,0.00935231
20/3/2015,284.199,319.497,,1.9634,0.0110106
13/10/2017,5666.83,416.403,336.841,58.8677,0.264908
14/7/2015,286.052,632.759,,5.27938,0.00873173
20/2/2014,783.21,,,18.4581,0.0173264
5/3/2016,422.763,515.23,8.797,3.32668,0.00816293
24/12/2014,311.418,267.762,,2.86919,0.023427
24/5/2013,112.64,,,3.50018,
21/5/2014,450.369,,,10.3063,0.00573767
17/8/2016,569.174,423.437,11.0346,3.64015,0.00611268
7/5/2015,241.893,294.272,,1.40044,0.00801686
21/10/2014,404.963,327.065,,3.97552,0.00483742
27/7/2017,2721.06,340.165,204.229,42.2496,0.171518
21/3/2015,291.018,328.898,,1.69119,0.0109161
6/1/2016,433.746,480.67,0.960645,3.46565,0.00596056
9/9/2013,120.5,,,2.52787,0.0059671
11/3/2016,413.955,522.306,11.6939,3.27729,0.00805847
4/7/2014,593.671,,,9.22875,0.00397443
2/9/2017,4623.51,326.646,340.872,81.334,0.230405
24/7/2013,76.3915,,,2.78437,
3/5/2014,507.807,,,12.0613,0.0061003
15/1/2014,769.08,,,25.5234,0.028997
7/8/2017,3350.13,322.531,267.197,46.1313,0.180364
28/10/2014,384.58,329.347,,3.76401,0.00521147
12/12/2015,416.948,584.611,0.836892,3.76422,0.00801035
7/3/2017,1270.9,313.8,19.761,3.89762,0.00607647
15/3/2016,414.493,537.067,13.8244,3.29865,0.00854934
17/2/2017,1019.38,331.077,12.8704,3.78097,0.00599059
26/8/2014,460.031,452.139,,5.78817,0.00529561
22/9/2017,3635.22,355.169,262.569,47.8691,0.175217
26/5/2016,448.378,441.321,12.3034,4.00554,0.00588781
19/10/2014,361.012,351.663,,4.12966,0.00484393
20/5/2016,454.0,430.371,14.1337,3.89453,0.00601463
17/1/2015,267.988,208.372,,1.19551,0.0171607
12/9/2016,623.052,449.078,11.879,3.88512,0.00588483
13/8/2014,586.449,507.629,,7.21774,0.0053528
2/4/2016,417.408,538.189,11.6327,3.24017,0.00745174
17/7/2016,664.65,469.713,11.7366,4.13585,0.00648362
5/10/2013,129.75,,,2.53531,0.00961002
28/1/2014,836.54,,,25.0017,0.0222549
17/6/2015,232.483,712.927,,2.00734,0.00827989
20/4/2016,428.271,503.605,9.11414,3.25394,0.00709245
7/2/2014,802.45,,,23.0753,0.0191786
25/5/2015,236.186,299.537,,1.82089,0.00672456
17/12/2014,350.037,377.286,,3.48922,0.0163741
26/7/2013,85.75,,,2.702,
6/4/2014,556.214,,,15.2921,0.0127315
23/8/2016,580.799,422.066,11.2182,3.64776,0.00604137
30/8/2015,227.369,645.446,1.16945,2.90982,0.00744322
27/12/2015,456.03,555.272,0.872318,3.39525,0.00638081
24/4/2015,223.602,295.742,,1.45895,0.00791685
21/1/2017,891.942,364.108,10.5769,3.89257,0.00673711
12/11/2014,336.67,291.55,,3.56977,0.0048651
24/8/2013,103.958,,,2.60786,0.00466886
13/9/2017,3874.68,338.628,280.112,60.1149,0.197533
14/3/2016,412.75,520.56,14.3244,3.30123,0.00863056
12/9/2014,488.176,405.148,,5.08312,0.00481078
21/11/2016,752.467,420.9,9.61463,3.9246,0.00761875
7/3/2014,567.5,,,14.875,0.0149639
1/8/2013,98.9796,,,2.83108,
8/8/2015,284.734,657.649,,4.06365,0.00815291
7/6/2014,584.793,,,10.8631,0.00475602
9/4/2015,253.204,307.222,,1.67042,0.00882831
2/12/2016,753.49,414.923,8.40792,3.9052,0.0067197
21/5/2015,237.378,301.143,,1.45308,0.00570787
11/10/2016,618.237,437.297,11.8416,3.78579,0.00798981
25/8/2017,4371.6,326.4,332.719,50.6261,0.217431
26/1/2016,403.934,626.904,2.10414,3.17247,0.00520026
16/12/2014,350.734,347.91,,3.48501,0.0163741
9/11/2015,388.144,590.688,0.92468,3.53827,0.00469469
5/9/2016,601.474,437.335,11.6586,4.00659,0.00591837
25/6/2016,651.165,469.067,13.8816,4.1945,0.00646066
24/12/2016,913.311,374.811,7.24015,4.6224,0.00626925
13/9/2015,238.504,625.685,0.996344,2.95752,0.00766557
23/6/2014,636.624,,,9.77515,0.00404555
14/7/2014,631.675,,,7.8285,0.00322144
15/12/2014,366.659,399.338,,3.50766,0.0157614
28/4/2016,465.379,436.276,7.48002,4.01373,0.00698654
30/3/2014,622.31,,,17.5924,0.014008
11/1/2014,729.8,,,23.1105,0.0272621
18/12/2014,356.597,375.617,,3.46629,0.0169113
27/6/2016,656.33,484.43,14.1235,4.08817,0.00643173
10/8/2016,587.231,417.287,11.88,3.75114,0.00600846
1/7/2017,2507.89,324.548,282.877,38.5524,0.255277
3/10/2017,4302.91,384.888,292.042,52.9194,0.203855
19/6/2015,236.594,827.719,,2.8933,0.00959849
27/8/2014,477.45,447.609,,5.07553,0.00515281
29/3/2015,246.765,322.587,,1.68222,0.00917391
31/1/2015,299.413,324.639,,1.92549,0.0155833
25/6/2015,243.891,771.514,,2.98153,0.010582
1/6/2013,115.5,,,3.32471,
30/10/2017,6172.73,463.468,309.205,57.2193,0.203876
5/7/2013,107.9,,,2.81578,
9/12/2014,380.975,440.127,,3.59722,0.0132423
29/7/2015,288.697,661.067,,4.66191,0.0083846
18/3/2016,418.595,527.867,12.5105,3.30156,0.0082537
29/3/2014,634.47,,,19.2724,0.0136943
6/3/2015,246.098,292.313,,1.95695,0.0121217
25/3/2017,981.718,315.251,47.579,4.06986,0.01044
25/11/2014,383.823,404.319,,3.62845,0.00605594
17/7/2013,89.489,,,2.58748,
6/10/2015,238.467,607.274,0.665442,3.03047,0.00525281
18/11/2013,205.02,,,3.03873,0.00618308
3/9/2014,511.836,395.316,,5.21873,0.00503996
19/1/2016,387.313,560.216,1.41144,3.04443,0.00531265
2/3/2017,1205.33,336.175,15.8035,3.79727,0.00559294
8/4/2015,255.069,310.077,,1.68761,0.00881192
30/1/2017,922.58,357.711,10.4995,3.85623,0.00641063
31/8/2013,108.65,,,2.81783,0.0042276
14/5/2015,240.507,296.666,,1.44603,0.00733881
5/12/2014,363.23,476.07,,3.57079,0.0129186
19/7/2016,679.776,466.177,11.5093,4.15769,0.00650566
13/10/2016,640.19,454.586,11.9889,3.75946,0.00793968
31/10/2014,359.324,338.603,,3.72703,0.00455016
7/4/2015,253.183,307.344,,1.67759,0.00876433
27/11/2013,361.3,,,4.34478,0.00837478
25/7/2013,77.0,,,2.82094,
13/12/2014,374.454,425.926,,3.68579,0.0134406
4/5/2014,498.687,,,12.3855,0.00589954
15/4/2016,424.552,486.768,8.74375,3.23967,0.00570486
17/8/2014,589.511,525.734,,5.6091,0.00518787
26/12/2014,328.891,270.872,,2.88046,0.0249426
8/6/2015,224.567,506.585,,1.76379,0.00791938
19/10/2017,5670.57,450.424,308.97,58.9527,0.21609
17/11/2013,207.12,,,3.08881,0.00599734
3/2/2014,865.46,,,23.5596,0.0199726
21/6/2015,248.938,914.451,,2.81772,0.0110952
9/2/2016,377.151,645.157,3.01396,3.08267,0.00842046
27/11/2015,325.344,625.49,0.87085,3.61249,0.00431633
8/9/2017,4171.88,334.153,299.543,68.7801,0.209209
4/11/2013,173.14,,,1.71588,0.00776709
17/6/2013,129.09,,,2.7273,
6/1/2017,1032.94,356.591,9.92636,4.29612,0.00622847
3/3/2017,1228.26,331.124,18.7632,3.90894,0.00609866
14/6/2014,657.145,,,11.2394,0.00380739
10/2/2017,983.114,355.019,10.779,3.80304,0.00625386
23/12/2015,436.033,602.268,0.895223,3.43237,0.00624652
2/7/2013,100.42,,,2.26624,
8/1/2014,654.72,,,25.1989,0.0243375
29/12/2016,960.528,357.857,7.11536,4.56155,0.0061831
15/5/2014,440.957,,,9.91287,0.00519605
26/9/2013,123.44,,,2.66591,0.00614238
9/6/2013,131.7,,,3.2562,
7/2/2016,386.362,659.325,2.506,3.08656,0.00751317
27/4/2015,233.853,296.899,,1.40995,0.00798186
26/8/2016,575.628,425.044,11.2644,3.80504,0.00606395
5/2/2014,846.28,,,21.3619,0.0182854
8/4/2014,584.442,,,13.7051,0.0105044
22/10/2015,265.758,542.108,0.480749,3.10596,0.00475991
16/4/2016,425.977,498.713,8.4969,3.2664,0.00641689
26/10/2015,277.908,538.497,0.545888,3.12536,0.00463412
11/10/2014,358.614,340.816,,3.8003,0.00472363
24/9/2017,3774.0,367.251,282.775,48.4845,0.177258
30/9/2013,128.62,,,2.63197,0.00642623
25/11/2015,323.655,630.328,0.9408,3.1155,0.00428816
16/2/2016,410.381,602.164,5.88699,3.20807,0.00861377
18/10/2016,639.619,446.015,11.9046,3.90897,0.00803541
15/8/2017,4177.9,323.879,287.568,42.6302,0.156115
20/4/2014,453.189,,,9.75873,0.00726467
18/12/2016,790.224,402.343,7.57623,3.69417,0.00654466
11/3/2017,1241.08,320.081,18.2338,3.76863,0.00620461
14/9/2013,121.68,,,2.59768,0.00641998
23/9/2015,227.719,592.036,0.90469,2.81637,0.00727336
11/5/2016,460.31,381.03,9.35714,3.88218,0.0063685
28/11/2015,346.825,626.977,0.877679,3.60897,0.00427467
17/11/2016,714.779,420.445,10.1709,4.02633,0.00785453
31/7/2013,97.301,,,3.09778,
15/2/2017,1001.77,340.277,12.5997,3.76954,0.00627418
29/6/2013,102.769,,,2.0696,
16/11/2016,709.822,424.128,10.213,3.89734,0.00788306
22/8/2015,231.601,633.872,1.42324,3.60033,0.00779819
5/1/2017,1100.52,359.86,10.8366,4.8245,0.00650306
21/4/2017,1218.04,318.156,48.8684,10.2827,0.0307289
25/8/2013,103.692,,,2.63477,0.00448605
9/4/2017,1184.6,317.16,45.1659,9.90093,0.0340712
29/7/2013,95.58,,,2.95499,
1/1/2016,427.452,529.058,0.957337,3.45872,0.00617359
27/3/2017,993.619,314.97,49.6259,4.08648,0.00958623
24/5/2017,2263.82,310.623,182.896,31.9526,0.348079
10/10/2016,617.449,454.594,12.2402,3.81357,0.00746534
7/2/2015,224.714,338.495,,1.7828,0.0134091
21/8/2016,579.787,424.707,11.1875,3.61091,0.0061123
18/10/2017,5605.89,475.446,312.914,59.2026,0.213036
22/10/2013,129.46,,,1.95993,0.0092795
18/8/2014,590.392,479.557,,5.19019,0.00503855
17/10/2013,131.61,,,2.2532,0.0110409
8/3/2017,1226.8,318.907,19.0037,3.80928,0.00654252
9/12/2015,394.615,565.332,0.790543,3.59028,0.00575255
15/7/2015,293.114,619.898,,4.72308,0.00843108
27/1/2014,835.11,,,25.056,0.021214
7/12/2015,378.439,576.143,0.874011,3.48323,0.00519789
12/9/2015,243.645,630.748,1.20929,2.94721,0.00769178
17/9/2016,608.061,453.142,12.2541,3.81012,0.00792139
14/5/2013,135.3,,,4.18295,
21/10/2017,5974.6,472.804,300.963,57.2995,0.204288
8/4/2016,422.153,510.406,10.691,3.2464,0.00726479
26/9/2015,231.139,617.799,0.854913,2.9165,0.00666719
8/5/2016,458.293,316.598,9.38007,3.92506,0.00643357
25/3/2016,417.746,534.999,11.4615,3.23913,0.00828329
27/1/2016,392.511,641.809,2.71051,3.15547,0.0051388
3/4/2016,421.005,519.099,11.4882,3.2582,0.00744709
13/9/2013,122.5,,,2.67694,0.0064659
16/1/2014,771.15,,,24.144,0.0276943
21/3/2016,412.655,530.989,10.616,3.19888,0.00794431
4/5/2016,444.151,418.239,9.76744,3.70769,0.00666353
11/2/2014,813.91,,,21.6617,0.0203371
11/10/2017,4861.99,399.153,303.513,51.0317,0.260592
9/4/2014,522.284,,,12.7372,0.00997515
13/10/2015,244.646,597.818,0.630541,3.16326,0.00516379
30/12/2016,973.423,353.245,8.27427,4.55491,0.00634269
16/8/2016,573.089,425.169,11.112,3.59366,0.00598597
15/1/2017,833.934,367.525,9.63099,3.88878,0.00681686
14/3/2017,1231.63,318.349,29.9222,4.17106,0.00635133
18/1/2017,886.754,368.661,10.0847,3.94225,0.00668329
28/2/2016,434.231,549.842,5.95649,3.41875,0.00803932
19/9/2013,136.45,,,2.73178,0.00580064
19/12/2015,455.067,600.567,0.918964,3.74616,0.00652947
3/10/2013,130.73,,,2.59031,0.0064294
10/6/2015,225.026,554.956,,1.79089,0.00799682
26/3/2015,260.475,332.751,,1.76814,0.0101799
12/2/2016,382.02,677.356,4.60338,3.09742,0.00780051
15/6/2016,693.612,468.824,18.5445,5.21567,0.00690403
14/4/2017,1180.18,318.152,50.4556,10.1794,0.0347408
18/9/2016,607.679,450.065,12.6776,3.81013,0.00724418
12/12/2016,768.598,398.542,8.19125,3.64304,0.00674938
12/12/2014,372.943,431.506,,3.71138,0.0146708
10/1/2015,266.723,210.276,,2.11378,0.0201015
28/7/2013,88.0622,,,2.86238,
19/10/2013,125.93,,,2.14452,0.00930593
5/9/2014,508.083,357.723,,5.15978,0.00496647
11/6/2015,223.469,624.347,,1.79834,0.00796296
8/10/2015,240.799,599.609,0.632599,3.12207,0.00530266
29/9/2016,605.721,453.157,13.2973,3.83416,0.00834722
30/7/2014,621.996,,,7.81981,0.00597065
13/8/2017,4072.94,316.194,296.363,46.0206,0.173312
23/10/2016,637.624,442.031,12.0596,3.88836,0.00900187
11/2/2016,376.203,673.121,4.26808,3.1307,0.00788576
23/11/2015,325.69,599.483,0.968713,3.1442,0.00424764
30/5/2016,521.849,409.438,12.2209,4.73138,0.0056425
17/6/2017,2481.74,331.466,371.358,39.3866,0.258932
5/9/2017,4490.29,330.345,312.877,73.6256,0.221003
27/5/2014,448.209,,,10.3778,0.00652822
2/10/2013,126.57,,,2.56348,0.00634135
1/9/2015,232.353,641.154,1.29226,2.83779,0.00796853
18/3/2017,1160.68,314.903,47.8125,4.13582,0.00621239
31/3/2017,1020.99,315.594,52.6326,6.92162,0.0142364
21/7/2017,2637.55,338.825,215.402,45.9145,0.185112
13/3/2014,571.31,,,13.1378,0.0136833
18/8/2015,266.174,655.189,1.41008,3.96663,0.00835876
21/11/2015,326.287,596.265,0.953748,3.11138,0.00421951
26/11/2013,332.41,,,4.22092,0.00881359
22/4/2016,443.29,485.187,8.61686,3.31582,0.00739528
14/7/2017,2202.94,322.191,196.211,40.2898,0.180244
4/3/2015,251.802,292.71,,1.85811,0.0131817
9/6/2015,225.226,585.733,,1.72893,0.00790325
30/7/2015,292.164,653.526,,5.07731,0.00852839
20/7/2015,278.093,590.673,,4.00476,0.00801603
25/7/2016,654.691,416.885,13.0893,4.06681,0.00626389
23/1/2017,909.04,363.916,10.7445,3.85613,0.00670216
12/1/2017,818.048,369.229,9.92186,3.84679,0.0065693
28/5/2015,241.613,302.269,,1.81437,0.00690596
5/2/2016,369.989,647.091,2.55111,3.15875,0.0069099
22/8/2013,106.75,,,2.71414,0.00587384
21/9/2013,125.79,,,2.67392,0.00567312
8/12/2016,766.544,407.232,7.96485,3.61816,0.00683736
31/8/2016,578.19,422.006,11.0765,3.81158,0.00601937
1/1/2015,324.885,241.418,,2.69996,0.0242637
20/6/2013,121.309,,,2.7589,
8/2/2015,239.545,358.056,,1.7413,0.0131528
3/10/2016,612.979,455.04,13.2534,3.83465,0.0081498
6/8/2014,583.662,411.55,,7.52942,0.00532195
16/7/2016,664.502,471.735,12.0096,4.15524,0.00642405
22/12/2015,441.045,595.842,0.910805,3.50127,0.00630523
1/10/2014,434.903,400.53,,4.52897,0.0046796
2/5/2017,1383.51,310.393,76.9247,16.0219,0.0544585
22/12/2014,333.954,283.946,,2.81669,0.0252834
18/10/2013,121.59,,,2.21442,0.0119368
14/4/2014,481.448,,,11.0228,0.00789384
6/10/2013,127.47,,,2.48431,0.0108464
16/12/2016,779.555,403.714,7.9888,3.62416,0.00668381
16/5/2013,135.3,,,3.38879,
10/8/2017,3420.4,316.884,302.084,47.104,0.181116
2/11/2013,146.52,,,1.92744,0.00758473
16/8/2013,106.23,,,2.88654,
6/4/2017,1122.91,304.665,47.046,10.8515,0.0361014
4/8/2016,553.726,412.045,9.82174,3.72489,0.0056411
24/1/2015,208.277,241.56,,1.33932,0.015912
28/8/2017,4390.45,328.918,345.592,62.1131,0.218407
11/12/2016,775.156,396.248,8.35336,3.6856,0.00681344
24/7/2016,652.987,423.633,14.5325,4.04927,0.00628456
1/6/2016,544.418,401.272,13.1197,4.61317,0.00573743
24/9/2014,469.813,405.428,,4.65323,0.00509377
4/12/2014,372.335,422.545,,3.58284,0.0145174
25/12/2016,891.23,364.311,7.34599,4.55138,0.00637651
11/5/2017,1762.21,314.695,88.4985,32.4409,0.175978
1/2/2017,953.959,356.336,10.6471,4.07604,0.00627416
30/11/2014,357.059,473.034,,3.58416,0.00971688
5/4/2017,1133.37,309.452,45.1064,8.18472,0.038195
10/5/2016,456.969,416.379,9.53976,4.06293,0.00640407
22/5/2016,442.061,420.013,13.549,3.96338,0.00606002
5/10/2017,4332.29,393.823,294.99,52.5711,0.238409
15/2/2015,216.425,331.241,,1.75674,0.0136327
29/5/2014,447.912,,,10.4407,0.0059637
12/4/2016,422.009,489.908,8.36365,3.22749,0.0059623
16/9/2016,610.234,451.392,12.0279,3.82203,0.00598287
20/1/2017,891.014,368.546,10.2584,3.85918,0.0070741
3/8/2013,88.7869,,,2.8741,
10/9/2013,121.8,,,2.54263,0.0051352
21/4/2015,228.548,309.566,,1.41843,0.00802704
11/3/2014,563.52,,,13.6863,0.0141288
5/1/2016,427.509,483.342,0.966162,3.47845,0.00602476
22/8/2014,516.599,438.057,,4.96226,0.00541515
26/2/2016,427.719,559.009,6.35305,3.37372,0.00805266
24/10/2015,274.63,554.996,0.619466,3.1155,0.00471968
28/7/2014,625.016,,,8.59142,0.00552425
23/8/2013,105.232,,,2.6471,0.00565258
11/12/2015,414.863,581.012,0.792909,3.65935,0.00888285
22/2/2014,687.32,,,18.1777,0.0182464
29/4/2017,1311.04,321.475,64.479,14.4255,0.0485822
3/12/2014,369.096,411.01,,3.59651,0.0145529
23/4/2016,445.702,474.736,8.22683,3.32727,0.00734803
29/6/2016,649.736,509.43,13.6018,4.10135,0.00652983
2/2/2017,972.586,360.682,10.6209,4.07677,0.00658629
14/1/2017,796.407,366.393,9.78377,3.89258,0.00672255
4/10/2016,612.126,454.888,13.222,3.83652,0.0082168
24/2/2017,1143.14,289.295,12.7596,3.84147,0.00589042
23/3/2016,415.598,533.469,11.583,3.23033,0.00807348
11/4/2017,1188.0,318.654,42.5014,8.81393,0.0336279
29/10/2017,6119.32,465.531,305.042,58.0519,0.20336
9/12/2013,776.96,,,14.8243,0.0134786
27/6/2013,108.9,,,2.24431,
17/12/2013,1030.64,,,42.9471,0.0543969
6/9/2014,510.361,322.622,,4.85679,0.00488445
26/4/2016,457.701,429.291,8.0806,3.76721,0.00727933
21/12/2013,765.32,,,24.7548,0.034439
15/9/2017,3697.86,337.7,254.642,51.6062,0.184972
14/12/2014,374.862,425.744,,3.52672,0.0148366
9/4/2016,423.811,501.246,9.91515,3.24414,0.00678552
22/4/2014,427.748,,,10.8104,0.00645675
26/8/2015,230.173,633.663,1.29085,2.9782,0.00760771
19/11/2015,334.246,589.677,0.999183,3.17214,0.00425058
15/6/2015,229.669,644.201,,1.85723,0.00802262
7/11/2014,345.474,283.138,,3.58333,0.00466858
13/4/2017,1200.97,314.686,43.5552,10.7473,0.0342229
16/8/2015,265.805,662.834,2.18547,4.02305,0.00820178
13/9/2014,484.695,458.381,,5.07364,0.00470945
23/10/2015,264.688,540.854,0.422475,3.07696,0.0046837
26/6/2013,105.99,,,2.3539,
1/8/2017,2703.89,332.633,225.711,42.9155,0.176265
25/7/2014,620.055,,,8.61971,0.00536314
2/2/2015,262.191,325.047,,1.9086,0.0147894
17/11/2015,320.758,591.968,0.907901,3.0791,0.00415873
9/7/2016,643.358,490.397,10.2867,4.20169,0.00665333
3/11/2016,725.873,438.236,11.0079,4.09376,0.0082235
27/8/2013,104.4,,,2.76535,0.00427738
18/9/2013,135.3,,,2.79602,0.00586333
25/7/2017,2603.73,326.565,201.758,40.8484,0.170639
14/5/2016,454.32,424.021,10.9151,3.94639,0.00618976
27/4/2017,1278.81,323.175,52.4477,14.9356,0.0323317
14/11/2013,202.32,,,2.33186,0.0063276
3/6/2014,516.295,,,11.5039,0.00368655
29/5/2016,498.676,408.16,11.6938,4.64757,0.00571529
31/12/2013,669.11,,,15.8564,0.0168461
8/10/2017,4616.19,386.882,307.821,52.1007,0.26627
14/2/2014,823.08,,,21.7649,0.0214641
5/9/2013,120.0,,,2.76157,0.00619764
1/6/2015,237.406,401.909,,1.81327,0.00895639
22/1/2017,926.034,363.686,10.8843,3.90248,0.00673607
18/5/2016,454.774,422.793,11.7303,3.98715,0.00604085
25/1/2017,907.879,361.013,10.6006,3.79133,0.00655286
4/4/2017,1129.9,313.339,45.8816,8.16359,0.0314509
12/6/2014,648.41,,,11.4637,0.0043479
9/7/2015,270.949,740.741,,5.38977,0.00965509
31/3/2014,616.987,,,16.4095,0.0136985
17/2/2015,219.139,333.982,,1.86414,0.0143478
21/1/2016,382.212,590.277,1.38563,3.1846,0.0052392
28/10/2013,134.55,,,2.03158,0.00906698
31/5/2013,114.156,,,3.15827,
17/9/2017,3701.85,336.575,255.053,52.1355,0.185794
18/4/2014,464.402,,,11.343,0.00814427
17/5/2013,117.0,,,2.78957,
19/8/2017,4116.04,334.858,296.306,45.3601,0.154345
2/1/2014,560.15,,,18.3596,0.0214271
18/7/2016,666.034,462.515,11.3799,4.18915,0.00654549
22/5/2014,451.272,,,10.384,0.00592382
16/11/2013,203.73,,,2.97589,0.00605789
2/4/2014,603.703,,,15.809,0.0129715
27/10/2015,288.511,537.203,0.673224,3.07263,0.00460617
15/6/2013,127.401,,,2.8435,
18/1/2015,244.566,204.585,,1.28555,0.0146639
21/12/2016,793.315,395.863,7.67315,3.66139,0.00648898
6/9/2015,229.589,643.413,1.27071,2.70104,0.00729554
15/11/2014,343.492,278.3,,3.71106,0.00494036
27/12/2014,322.022,256.759,,2.85149,0.0255787
10/7/2015,269.478,735.336,,6.13298,0.00958848
29/9/2015,233.241,620.549,0.730005,2.97079,0.00655589
2/1/2015,316.561,244.71,,2.69631,0.0236616
7/7/2017,2549.5,327.8,253.318,45.9346,0.239739
26/5/2015,236.846,300.616,,1.82173,0.00683447
12/2/2017,1003.48,354.83,11.2557,3.78874,0.00635438
26/11/2014,383.492,448.333,,3.51344,0.00625335
10/9/2015,241.162,637.407,1.24681,3.0481,0.00786364
13/2/2015,227.457,337.41,,1.78249,0.0143074
29/6/2015,242.676,789.846,,3.10172,0.0115273
28/4/2014,515.641,,,11.7826,0.00633589
12/5/2014,446.294,,,10.4595,0.00525651
26/5/2014,444.368,,,10.3732,0.00693968
29/9/2017,4205.07,366.746,292.037,54.6226,0.197574
10/7/2016,653.698,492.623,10.8148,4.10127,0.00667033
19/5/2013,91.01,,,3.63013,
5/6/2014,555.32,,,11.236,0.00402057
27/10/2016,664.004,438.733,11.6083,3.95228,0.00881135
15/7/2017,2055.09,322.037,179.123,39.709,0.164043
19/6/2014,657.53,,,11.1587,0.00442466
4/10/2014,404.686,415.909,,4.24129,0.00531167
2/7/2017,2445.84,324.593,269.758,41.6669,0.259801
10/10/2013,128.84,,,2.44145,0.0104008
31/5/2017,2252.71,360.585,205.547,24.637,0.205692
2/2/2014,833.7,,,24.7594,0.0199247
13/11/2016,707.696,427.788,10.0712,3.76053,0.00799817
24/2/2015,236.829,319.163,,1.84096,0.0136948
20/8/2016,574.948,433.043,10.7807,3.61039,0.00613951
20/7/2013,78.48,,,2.40999,
7/7/2016,675.219,477.928,10.6308,4.47863,0.00671263
9/11/2014,324.968,292.558,,3.59228,0.0048182
4/4/2014,565.677,,,16.0323,0.0125302
1/4/2014,616.973,,,15.8585,0.0133853
17/8/2013,101.61,,,2.9925,
7/8/2015,282.135,663.452,,4.34408,0.00823009
15/12/2013,1122.87,,,31.067,0.0575158
20/11/2016,748.749,422.011,9.66649,3.94152,0.00779795
15/2/2014,842.05,,,21.6449,0.0214894
9/6/2016,576.673,437.874,14.5293,4.71373,0.00576872
18/5/2017,1819.29,314.177,90.1621,25.1153,0.364496
6/12/2015,361.606,561.453,0.834842,3.47192,0.00490275
4/1/2017,1030.47,362.711,9.41901,4.62452,0.00641989
3/9/2016,571.819,426.422,12.0952,3.81126,0.00597579
3/3/2015,236.16,288.62,,1.83936,0.0133893
29/1/2017,922.994,358.033,10.5125,3.85244,0.00634589
29/6/2014,612.4,,,9.81321,0.00417379
27/8/2015,226.995,631.677,1.13386,2.93785,0.00712016
12/8/2017,3949.6,315.626,308.636,47.3319,0.168314
24/3/2016,419.152,536.469,11.901,3.23694,0.00814804
24/11/2014,409.747,435.583,,3.77821,0.00558794
18/9/2014,484.654,414.025,,5.44793,0.00469118
25/10/2013,131.09,,,2.12099,0.00971878
21/3/2017,1058.41,314.343,45.4591,4.03624,0.00693062
15/10/2015,250.079,591.899,0.606636,3.17645,0.0053699
6/7/2015,255.811,770.525,,4.10024,0.0108829
10/2/2015,225.924,351.241,,1.75234,0.015183
12/6/2016,583.377,458.079,13.8016,4.8778,0.00573406
25/5/2016,445.427,428.65,12.8461,3.95062,0.00594947
5/7/2016,673.016,509.657,11.4721,4.49328,0.00820504
18/7/2017,2356.3,320.69,241.041,43.9475,0.186783
25/6/2014,584.821,,,9.76309,0.00425591
2/9/2013,112.17,,,2.82928,0.00332756
14/1/2014,747.72,,,24.5913,0.0270432
10/9/2016,622.512,446.956,11.5375,3.96882,0.00587859
13/2/2016,379.999,667.925,6.17066,3.10207,0.00782567
18/6/2017,2591.41,329.276,373.975,46.4568,0.269477
23/11/2013,319.81,,,3.88841,0.00775965
12/7/2013,103.39,,,2.83478,
14/9/2017,3387.13,340.624,228.058,41.4451,0.168282
13/8/2013,98.5759,,,2.9615,
2/10/2017,4427.26,382.582,298.506,51.6591,0.201274
27/7/2014,628.086,,,8.64548,0.00537171
4/5/2015,234.167,301.263,,1.41509,0.00803784
26/11/2016,738.105,414.441,9.55808,3.91606,0.00689809
20/8/2014,569.529,506.749,,5.06556,0.00528171
14/10/2015,246.632,593.807,0.636484,3.1173,0.00524392
28/3/2017,1030.0,323.049,50.7603,4.07068,0.00928228
7/10/2016,612.013,455.599,12.8065,3.84087,0.00738825
23/9/2013,123.46,,,2.6822,0.00583863
13/1/2017,767.149,366.964,9.64537,3.94848,0.00655378
19/3/2014,662.5,,,15.397,0.0147279
22/1/2014,857.55,,,24.0718,0.0226096
17/10/2014,371.211,378.565,,3.82871,0.00475596
23/3/2017,1041.39,313.283,39.8998,3.93756,0.00736959
4/12/2015,359.777,591.547,0.816346,3.36145,0.00426538
21/6/2013,121.714,,,2.5823,
18/8/2016,580.452,427.85,11.0455,3.6047,0.0061464
25/4/2017,1223.75,324.455,50.104,15.0285,0.0313886
16/3/2016,416.66,539.544,12.7364,3.28745,0.00846928
29/12/2014,334.25,216.28,,2.7528,0.0232012
20/7/2014,628.546,,,8.63521,0.00435435
20/1/2016,387.038,555.932,1.43361,3.04732,0.00530143
26/3/2016,416.832,541.439,10.6745,3.23249,0.0082244
22/6/2015,249.827,894.351,,3.0089,0.0109197
29/10/2015,292.501,560.901,0.785891,3.09653,0.00464985
27/7/2016,648.27,428.062,12.5752,3.9808,0.00614465
13/10/2014,321.4,379.178,,3.87528,0.00478474
7/9/2013,121.18,,,2.65522,0.00606081
15/7/2013,95.3886,,,2.97799,
31/1/2017,921.309,356.664,10.4998,4.0165,0.00640615
21/9/2016,609.101,447.793,13.6546,3.84736,0.00685036
8/10/2013,128.39,,,2.46528,0.0101137
4/7/2013,106.55,,,2.30062,
15/8/2014,589.683,513.676,,6.97066,0.00526909
7/8/2013,91.7024,,,2.94829,
26/6/2014,559.434,,,9.64693,0.00423192
8/9/2016,608.994,444.449,11.6621,3.96789,0.00591623
14/4/2016,426.294,478.693,7.41576,3.24567,0.00577538
2/6/2013,123.1,,,3.27158,
12/3/2014,581.48,,,13.7268,0.0138003
3/5/2016,452.29,403.724,9.73194,3.65799,0.00679755
8/4/2017,1174.68,310.205,42.5397,9.37335,0.0353062
24/3/2015,259.816,331.56,,1.74762,0.0105541
28/7/2016,653.678,430.183,12.6535,3.96938,0.00595679
29/5/2017,2191.33,366.514,158.899,24.3116,0.224103
29/7/2014,620.445,,,8.4317,0.00605374
26/9/2016,602.966,443.175,12.9552,3.79859,0.00765701
19/6/2017,2568.92,333.693,377.562,45.274,0.281726
6/4/2016,423.233,510.166,10.8094,3.2456,0.00748554
6/9/2017,4507.45,332.168,331.323,76.584,0.220181
22/1/2015,197.244,242.981,,1.32732,0.0151419
5/8/2015,279.73,679.621,,4.23626,0.0083061
31/8/2015,221.515,653.09,1.15959,2.87953,0.00738049
8/8/2017,3407.25,314.34,297.456,49.8457,0.188897
23/8/2014,493.484,450.269,,4.1097,0.00516341
29/5/2015,237.313,357.907,,1.83936,0.00681165
5/8/2013,89.28,,,2.90663,
18/12/2015,457.011,601.284,0.990385,3.72735,0.00675348
29/8/2013,110.55,,,2.74309,0.00437208
22/7/2015,274.517,589.572,,3.85684,0.00813938
29/9/2013,132.62,,,2.6549,0.00608146
4/10/2013,131.05,,,2.52798,0.00704318
12/8/2015,261.801,663.589,0.643769,3.93829,0.00879457
15/7/2016,656.24,473.152,10.984,4.15296,0.00641495
10/5/2014,425.696,,,11.3166,0.00537104
11/4/2015,252.688,310.706,,1.62219,0.00910851
14/9/2016,607.68,448.689,12.0181,3.81718,0.00589959
14/8/2015,264.522,664.601,1.09408,4.04244,0.00836774
25/10/2016,652.827,440.771,11.9569,3.86782,0.00906693
25/11/2016,740.662,415.304,9.3563,3.90634,0.00694625
6/8/2013,90.3672,,,2.89478,
4/8/2014,597.576,508.121,,7.61125,0.00608408
8/10/2016,615.719,464.554,12.5793,3.86252,0.00745671
21/6/2017,2657.32,334.863,376.359,46.9948,0.324986
11/9/2016,623.676,445.853,11.598,3.96995,0.00586871
6/1/2014,645.14,,,17.4283,0.0225342
31/8/2014,501.235,378.458,,5.52444,0.00496327
7/7/2013,109.015,,,3.06858,
10/5/2017,1793.44,316.843,89.146,31.6411,0.184907
25/2/2017,1177.52,305.973,13.1933,3.85017,0.00568128
25/2/2014,638.18,,,15.9569,0.0157666
31/7/2017,2855.56,336.944,202.154,43.7032,0.170912
3/9/2017,4527.4,328.162,345.317,74.2441,0.206978
8/6/2017,2827.87,331.801,259.866,28.1264,0.282987
22/7/2016,663.551,437.317,12.3396,4.13101,0.00640482
18/1/2014,809.9,,,26.4831,0.0249197
7/8/2016,570.135,410.017,10.3861,3.76223,0.00637911
4/3/2017,1267.16,326.125,18.8841,3.91168,0.00635436
9/3/2016,414.271,516.03,8.94089,3.23356,0.00792808
19/12/2013,1127.12,,,30.2663,0.0469207
30/5/2017,2183.63,354.923,185.937,25.1462,0.233535
7/11/2013,195.01,,,2.60692,0.00674171
15/9/2016,610.202,452.526,11.9827,3.84216,0.00589524
29/11/2015,359.416,614.321,0.884117,3.47375,0.00423747
23/7/2014,623.815,,,8.62781,0.00607785
11/4/2014,485.565,,,13.2254,0.00882712
19/11/2014,378.629,234.688,,3.98693,0.0051375
12/7/2015,267.704,685.329,,4.61861,0.00901343
20/1/2015,204.946,211.767,,1.29745,0.0168391
21/7/2013,67.809,,,2.68284,
17/6/2016,733.566,463.907,19.4168,5.3975,0.00674714
22/9/2016,598.608,446.792,13.7527,3.78,0.00674037
26/1/2017,900.2,361.296,10.5304,3.71444,0.00648896
3/4/2014,600.589,,,15.4232,0.0127485
28/6/2014,596.463,,,10.0761,0.00424936
7/1/2017,892.194,355.334,10.2817,3.85733,0.00628973
8/6/2016,584.665,429.665,13.9149,4.75393,0.00578491
10/12/2016,773.192,402.562,8.63321,3.68982,0.00714183
27/3/2016,418.258,537.81,10.9738,3.215,0.00816121
30/3/2016,425.678,551.587,11.5188,3.20878,0.00758345
22/3/2014,622.39,,,16.1522,0.0147453
9/6/2014,566.67,,,10.8407,0.0042608
5/12/2013,482.59,,,9.48073,0.0082943
16/1/2015,274.705,205.929,,1.58262,0.0187939
30/10/2013,139.63,,,1.89834,0.00889263
14/10/2013,138.5,,,2.3936,0.011676
7/4/2017,1153.1,314.258,44.8524,9.98365,0.0311324
5/4/2016,421.726,518.996,11.553,3.23242,0.00750745
23/12/2014,321.417,270.917,,2.93599,0.0277567
2/9/2014,502.386,395.47,,5.35952,0.00500377
13/2/2014,819.49,,,22.8897,0.0208784
16/6/2015,230.259,662.31,,1.99507,0.00818616
24/8/2016,583.06,421.179,11.04,3.94173,0.00599687
29/10/2014,386.883,335.903,,3.74563,0.00512686
25/1/2016,389.1,638.693,2.21577,3.15665,0.00514785
4/1/2015,314.022,226.38,,2.70255,0.0242105
3/7/2013,102.0,,,2.28867,
15/5/2013,141.96,,,3.64914,
6/6/2014,586.827,,,10.9662,0.00487951
26/5/2013,118.78,,,3.24093,
7/3/2016,396.187,526.841,11.0359,3.23593,0.00788059
11/9/2013,122.3,,,2.5436,0.00552798
2/11/2015,324.769,558.259,0.909637,3.83316,0.00466051
16/12/2015,443.909,578.333,1.0002,3.81585,0.00671644
29/8/2016,572.82,423.285,11.069,3.73751,0.00597411
2/6/2014,492.126,,,11.0415,0.00316663
18/9/2017,3980.17,338.666,295.768,52.853,0.183906
16/4/2017,1186.37,323.028,47.6317,10.6962,0.0337229
18/7/2014,614.266,,,8.64372,0.00430633
27/9/2016,606.089,442.746,12.9189,3.86532,0.00838989
20/1/2014,975.83,,,25.2845,0.0237737
28/6/2017,2539.78,331.521,301.789,43.3735,0.281177
15/11/2013,201.27,,,2.45307,0.00593466
31/3/2016,416.228,558.859,11.91,3.21682,0.00751001
19/2/2015,247.851,337.73,,1.80394,0.0147865
16/6/2013,127.98,,,2.6895,
27/10/2014,383.055,353.125,,3.85719,0.00517803
24/10/2016,657.199,440.188,12.0264,3.91205,0.00946419
14/1/2016,445.932,543.784,1.13048,3.45379,0.0058089
9/10/2016,618.876,456.034,12.2289,3.84286,0.00726535
16/6/2017,2261.25,333.471,333.499,29.8158,0.25446
3/1/2016,434.221,528.023,0.96158,3.49503,0.00596737
1/1/2014,644.05,,,18.0604,0.0207833
30/4/2014,493.836,,,12.5689,0.00639769
9/2/2017,1052.24,357.986,11.3414,4.02693,0.00646249
14/12/2015,425.814,586.157,0.97204,3.61233,0.0085444
16/9/2014,479.012,441.314,,5.50308,0.00476072
2/1/2017,972.948,352.838,8.23864,4.5112,0.00639558
11/7/2017,2375.98,321.269,205.316,45.5044,0.185525
7/4/2016,424.194,516.241,10.2773,3.24922,0.00737924
15/5/2015,243.663,297.41,,1.46624,0.00721409
30/7/2017,2749.13,338.641,199.856,40.1789,0.164957
5/11/2014,357.237,281.738,,3.75637,0.00487582
17/3/2017,1222.28,314.589,40.6497,4.20347,0.00631092
31/1/2016,379.89,626.769,2.53951,3.09619,0.00688981
21/3/2014,621.94,,,15.8318,0.0144892
31/3/2015,253.246,323.796,,1.67024,0.00890006
19/2/2014,821.49,,,18.5533,0.0184492
7/7/2015,256.656,742.874,,4.80357,0.0101371
29/5/2013,117.18,,,2.93058,
9/7/2014,600.891,,,8.4818,0.00384414
9/12/2016,772.765,404.86,8.55038,3.69303,0.0071189
22/10/2016,632.257,435.245,12.0663,3.81413,0.00901919
18/10/2014,362.101,345.314,,3.84518,0.00480618
22/5/2013,118.33,,,3.4615,
17/12/2016,783.972,402.664,7.81534,3.62823,0.00670356
26/2/2014,654.09,,,16.0851,0.0159131
24/4/2016,444.884,474.509,7.93629,3.31943,0.00735982
22/11/2013,294.21,,,4.26784,0.0069937
3/11/2014,352.45,318.786,,3.74637,0.00477909
8/8/2014,585.466,550.524,,7.57351,0.00528533
9/5/2017,1658.2,314.692,93.1722,29.427,0.174572
14/8/2017,4362.51,327.056,299.659,43.3079,0.166242
21/4/2014,454.672,,,10.6145,0.00673648
6/5/2016,447.289,361.272,9.58908,3.70955,0.00620357
30/9/2016,606.008,447.738,13.0849,3.85731,0.00884323
23/3/2015,266.851,318.755,,1.74537,0.0103709
24/12/2015,439.136,603.053,0.870907,3.55934,0.00620334
22/9/2014,477.706,391.028,,5.07313,0.00511739
30/8/2013,111.701,,,2.71122,0.00439693
29/3/2016,425.553,549.017,11.361,3.26524,0.00796504
20/12/2013,1002.91,,,24.44,0.0346756
4/2/2014,867.22,,,20.8659,0.0191161
27/5/2017,2352.89,373.5,181.111,24.7209,0.271785
12/3/2016,417.27,536.214,10.5216,3.3811,0.00831859
19/9/2016,607.309,448.665,12.8156,4.05827,0.00691495
16/2/2014,829.58,,,21.4874,0.0208163
11/2/2015,218.892,346.792,,1.77391,0.0146533
21/8/2014,539.68,411.252,,4.94336,0.00538541
21/9/2017,3668.1,350.582,261.813,48.3472,0.173283
28/2/2015,234.566,300.99,,1.80495,0.0133918
29/1/2015,232.926,276.368,,2.08256,0.0166047
25/4/2016,453.824,453.894,8.18478,3.53685,0.00730681
27/12/2013,906.15,,,30.5495,0.0322093
14/8/2014,586.662,509.844,,6.97684,0.00547348
28/8/2016,576.007,424.242,11.2212,3.74317,0.00600709
17/4/2016,429.539,514.494,8.16524,3.27493,0.00638194
11/1/2016,449.557,528.793,0.977053,3.51795,0.00599005
26/5/2017,2730.61,347.162,202.696,29.7765,0.27772
22/7/2014,619.951,,,8.31703,0.00481683
4/1/2014,638.3,,,17.0944,0.0220126
7/12/2016,764.395,412.054,6.93972,3.53566,0.00663367
27/1/2015,230.925,258.676,,1.81462,0.0168499
3/8/2014,597.815,556.148,,7.56796,0.00611819
11/6/2013,134.6,,,3.09213,
16/11/2014,349.135,299.85,,3.6817,0.00488313
6/7/2013,110.91,,,3.07596,
18/2/2017,1041.4,332.933,12.8453,3.82202,0.00601177
8/1/2016,430.805,508.393,0.961688,3.57345,0.00604775
24/1/2014,836.11,,,26.363,0.0239417
9/1/2014,693.91,,,22.4503,0.0264432
21/1/2015,218.091,248.068,,1.33467,0.015982
22/5/2015,236.758,297.849,,1.46038,0.00664443
25/3/2015,260.658,335.187,,1.79404,0.0101922
5/10/2015,237.731,601.056,0.695455,3.05447,0.00560977
4/2/2017,1019.55,360.14,10.8578,4.09167,0.00647473
20/6/2016,753.637,474.316,12.4945,5.60345,0.00661547
23/2/2014,692.4,,,17.0879,0.0172474
3/8/2017,2815.08,331.592,225.094,42.9587,0.174701
5/9/2015,226.675,636.807,1.22057,2.63323,0.00761865
24/5/2014,441.282,,,10.5078,0.00707355
19/6/2016,754.455,479.36,13.1825,5.54793,0.00665846
12/5/2016,453.406,426.772,9.57757,3.86979,0.00624323
19/1/2017,899.644,367.543,10.1145,3.8419,0.00675199
18/3/2015,287.691,330.97,,2.04785,0.0110747
24/3/2017,1056.17,313.203,41.7155,3.97914,0.00936245
17/5/2014,429.981,,,10.732,0.00659989
20/2/2015,262.742,323.864,,1.85873,0.0137021
10/12/2014,376.298,425.801,,3.61583,0.0135648
23/1/2016,410.273,625.054,1.51063,3.12844,0.00521881
28/9/2016,607.068,443.295,13.1136,3.84684,0.00819291
12/10/2017,5707.79,425.445,302.401,56.6398,0.249046
10/3/2015,267.155,278.894,,1.90583,0.0109291
17/1/2014,802.1,,,25.2298,0.0280872
18/4/2015,224.205,317.181,,1.39717,0.00796852
12/6/2013,128.985,,,3.07544,
9/5/2016,459.16,378.115,9.0129,3.92567,0.00646228
28/12/2016,930.351,358.134,7.2249,4.45517,0.0062079
24/2/2016,438.692,574.134,5.71269,3.40643,0.00804931
21/2/2014,725.92,,,17.092,0.0177394
2/10/2015,236.202,613.047,0.724364,3.00498,0.00543421
12/4/2014,476.496,,,11.9657,0.00874786
30/1/2014,853.01,,,24.0262,0.0204377
1/3/2016,432.373,547.192,6.5306,3.46746,0.00790103
22/4/2017,1222.57,320.337,49.0333,11.1773,0.0329881
24/6/2017,2760.61,329.206,340.811,47.1086,0.327117
27/3/2015,262.736,337.528,,1.66436,0.0102584
28/1/2017,920.339,360.694,10.5244,3.85353,0.00638683
30/4/2015,218.727,298.408,,1.36089,0.0077714
23/5/2017,2242.91,310.063,186.887,25.401,0.293696
25/3/2014,635.66,,,16.5879,0.0142599
15/3/2017,1236.09,316.616,28.0882,4.03733,0.00636704
1/4/2017,1041.06,311.357,47.7169,6.51017,0.022564
24/11/2016,743.086,420.576,9.8723,3.91772,0.00706295
26/4/2014,409.46,,,12.8443,0.00773924
26/6/2017,2627.95,330.856,321.283,44.098,0.300892
26/9/2017,3908.59,359.491,287.883,52.5633,0.193337
27/9/2013,134.51,,,2.62133,0.00618881
17/2/2014,819.19,,,20.3577,0.020027
12/4/2015,253.043,307.199,,1.57576,0.00919999
2/10/2014,428.889,400.257,,4.46745,0.00462601
12/3/2015,276.149,284.868,,2.06308,0.0100604
12/8/2014,589.73,556.983,,7.12744,0.00519963
29/7/2017,2705.48,340.686,196.862,40.7776,0.16563
13/7/2014,645.18,,,7.5221,0.00289686
24/8/2015,233.494,635.719,1.4326,3.50152,0.00781038
25/7/2015,276.139,695.709,,3.79034,0.00746576
22/2/2015,237.71,324.073,,1.83848,0.0140245
18/11/2014,367.833,310.257,,4.11627,0.00508782
2/1/2016,430.84,524.778,0.950158,3.49018,0.00600711
16/9/2013,137.08,,,2.50546,0.00582002
20/5/2015,237.384,297.474,,1.46244,0.00627731
19/8/2013,104.86,,,2.86431,
3/11/2013,163.2,,,1.849,0.00776452
13/5/2016,451.927,443.283,10.095,3.81578,0.00615514
6/5/2015,234.814,298.763,,1.41812,0.00805412
18/5/2013,103.43,,,3.51708,
28/8/2015,203.863,641.816,1.18854,2.96087,0.00734856
1/7/2014,589.439,,,9.79951,0.0042007
30/9/2014,402.175,402.798,,4.5064,0.00462328
13/5/2017,1784.71,312.317,91.3386,27.5339,0.20091
25/6/2017,2688.44,330.539,334.167,44.004,0.306213
8/2/2017,1059.9,357.271,11.5164,4.05223,0.00645193
26/1/2014,863.47,,,23.7795,0.0216556
5/7/2014,594.267,,,9.23487,0.00406613
1/10/2016,605.636,449.292,13.2896,3.83478,0.00911669
2/3/2015,235.821,293.167,,1.84743,0.0133171
2/3/2014,616.22,,,15.6621,0.0152173
21/5/2013,116.79,,,3.21463,
13/7/2016,648.473,477.778,10.6953,4.19953,0.00654088
1/12/2015,364.834,620.712,0.853092,3.61247,0.00428502
12/6/2015,228.462,625.969,,1.75647,0.00803054
13/7/2017,2345.15,323.251,207.185,45.604,0.197512
15/8/2013,110.34,,,2.92638,
14/4/2015,242.767,302.574,,1.48467,0.00848205
1/11/2014,353.778,330.793,,3.83503,0.00470046
6/3/2016,409.248,501.96,10.6476,3.1636,0.00811553
14/11/2016,695.098,428.232,10.2187,3.86918,0.00828118
18/5/2014,430.926,,,10.5303,0.00607446
20/5/2017,1965.5,312.444,117.655,27.5036,0.309446
22/11/2016,734.128,416.365,9.56658,3.94928,0.00755137
4/11/2015,334.018,569.66,0.953811,4.20296,0.0051427
9/8/2014,597.118,546.323,,7.48616,0.00522377
22/3/2016,412.154,538.589,10.8138,3.20141,0.00790545
30/8/2014,517.643,413.793,,5.37791,0.00514952
8/7/2015,260.837,713.973,,5.51323,0.0101133
2/12/2013,468.66,,,7.8202,0.00998194
17/2/2016,402.707,587.264,5.26723,3.20608,0.00860691
16/9/2015,235.224,627.636,0.891943,2.8442,0.00858708
20/10/2014,372.683,316.252,,4.02857,0.00482081
25/8/2016,582.594,424.813,11.0562,3.88304,0.00601968
20/5/2014,441.514,,,10.6884,0.00596387
31/5/2014,445.06,,,10.5215,0.00666698
8/5/2014,451.657,,,10.2442,0.00486672
29/11/2013,408.52,,,4.38939,0.0105099
17/1/2016,375.468,554.524,1.22148,3.02809,0.00522044
22/8/2017,4090.11,332.033,313.197,46.7989,0.292304
23/2/2017,1112.62,316.841,12.6248,3.80081,0.00586547
28/9/2017,4100.49,361.873,299.787,52.0814,0.192127
18/9/2015,231.71,627.508,0.92787,2.80622,0.00750057
17/9/2014,472.043,412.655,,5.38787,0.00475217
28/5/2017,2012.35,355.313,160.934,24.7921,0.229561
5/8/2014,582.346,547.58,,7.33514,0.00511744
7/12/2014,381.015,433.808,,3.6183,0.013244
9/7/2017,2589.88,324.98,244.27,51.0244,0.234352
1/2/2015,258.223,337.595,,1.93207,0.0154977
10/4/2015,261.58,305.058,,1.67499,0.008817
12/10/2016,634.187,444.841,12.0639,3.82368,0.00827193
5/4/2015,245.58,316.18,,1.67938,0.00770397
6/2/2015,212.725,332.672,,1.83696,0.0140012
23/2/2016,437.112,584.193,5.2448,3.45651,0.00805185
6/5/2014,488.405,,,10.7344,0.00540376
14/2/2017,992.643,341.345,11.2424,3.71514,0.00627573
1/7/2013,99.99,,,2.28174,
23/5/2013,106.4,,,3.4239,
23/10/2013,126.11,,,2.00256,0.0103753
26/6/2015,246.698,845.255,,2.80523,0.010797
15/12/2015,435.797,589.372,0.986017,3.65542,0.00875703
28/4/2015,231.789,299.281,,1.3095,0.00828154
4/6/2016,549.816,428.386,13.7133,4.85624,0.00578263
22/6/2017,2709.33,326.435,338.292,47.2399,0.305638
16/6/2014,645.998,,,11.094,0.00396438
30/12/2014,318.075,235.089,,2.75802,0.0240967
3/5/2015,224.665,300.205,,1.41968,0.00803833
24/3/2014,630.67,,,17.0246,0.0143613
14/9/2015,239.653,627.064,1.05297,2.82479,0.00824823
26/2/2017,1163.87,315.141,13.5987,3.82013,0.00565337
19/7/2015,291.183,609.078,,3.8561,0.00797953
17/5/2015,242.873,305.481,,1.45206,0.0065787
8/3/2016,407.058,500.963,11.0133,3.25003,0.00786087
19/3/2017,1066.49,313.886,36.2538,4.0015,0.00669406
1/9/2013,109.0,,,2.81232,0.00384587
14/11/2015,329.99,586.54,0.899769,3.19157,0.00450583
11/11/2013,182.28,,,2.18909,0.00693994
19/5/2015,237.498,296.498,,1.45625,0.00654025
17/4/2014,452.016,,,11.4183,0.00822231
23/4/2014,381.885,,,9.89581,0.0061921
27/8/2016,579.669,423.96,11.2826,3.82959,0.00606216
30/7/2016,655.515,415.64,12.6006,4.08624,0.00602673
15/4/2014,427.184,,,11.0422,0.00808195
9/3/2014,578.54,,,14.3143,0.0137323
25/12/2014,316.632,289.795,,2.86806,0.0239231
14/6/2016,692.598,467.441,16.697,5.21401,0.00580718
3/5/2017,1466.76,310.915,77.9965,15.8339,0.0532711
17/7/2017,2170.3,321.074,182.349,43.4159,0.177421
31/5/2016,535.539,398.525,12.4175,4.67623,0.00571131
26/7/2017,2551.28,331.245,202.372,42.3676,0.174158
3/11/2015,317.023,563.668,1.05062,3.95192,0.00489365
6/8/2015,282.168,665.476,,4.36564,0.00829318
27/5/2015,240.201,298.201,,1.79802,0.00685762
24/5/2016,441.976,427.97,14.0698,3.94872,0.00591806
3/4/2015,244.8,316.637,,1.64662,0.00849179
9/1/2015,281.246,208.85,,2.08072,0.0189838
14/5/2014,445.525,,,10.2913,0.00500876
6/12/2013,620.39,,,10.9884,0.00728586
23/10/2017,5648.75,474.903,283.911,57.5338,0.207455
16/5/2017,1753.39,313.663,93.0359,25.0893,0.285943
19/4/2014,455.561,,,11.2546,0.00805076
10/12/2015,395.698,572.047,0.78679,3.6679,0.00716928
23/6/2017,2714.58,330.28,340.326,47.5841,0.296048
1/4/2015,248.411,316.111,,1.66855,0.00884838
7/9/2014,504.556,483.248,,4.72594,0.00504655
3/7/2017,2519.06,331.203,288.076,47.9407,0.259755
22/7/2017,2808.39,343.642,229.22,45.7845,0.19088
16/11/2015,332.634,586.596,0.895713,3.19659,0.00432477
9/1/2017,911.99,356.201,10.1201,3.99424,0.00624151
3/7/2016,678.151,497.343,12.0359,4.56926,0.0067539
10/2/2016,373.454,666.372,3.25093,3.07624,0.00794333
18/12/2013,1077.12,,,39.1735,0.0541564
2/4/2017,1083.77,315.639,51.0716,6.84133,0.0218801
31/1/2014,824.34,,,24.8231,0.0213437
1/8/2015,293.802,698.024,,4.5878,0.00852074
22/7/2013,68.0831,,,2.62584,
6/6/2013,122.9,,,3.1525,
12/5/2015,245.906,290.958,,1.43299,0.00756179
7/6/2015,226.092,493.189,,1.73023,0.00790467
11/9/2014,477.171,415.555,,4.97313,0.00487594
3/8/2016,603.212,406.788,10.5061,3.63578,0.00589021
21/5/2016,442.334,426.271,14.8041,3.85718,0.00607167
11/6/2016,577.185,469.88,14.1767,4.8378,0.00573397
29/4/2014,519.52,,,12.5835,0.00651384
14/10/2014,326.921,377.289,,3.96728,0.00487197
9/3/2017,1202.83,323.721,17.5869,3.77028,0.00656258
20/6/2017,2578.25,335.206,371.813,50.1332,0.294288
5/5/2016,449.276,396.72,9.88719,3.74961,0.00647794
27/5/2013,113.01,,,3.20229,
6/6/2017,2574.47,329.033,248.003,30.5832,0.285237
28/12/2013,892.83,,,30.9159,0.0290606
29/3/2017,1061.93,326.442,50.2902,4.11735,0.0097076
6/2/2014,828.5,,,23.1017,0.0185526
22/10/2014,398.12,340.797,,4.00756,0.00486518
2/2/2016,368.661,689.365,2.12417,3.08294,0.00642346
4/3/2016,420.773,538.593,8.71289,3.33463,0.00807967
22/8/2016,583.081,420.904,11.0607,3.6043,0.00608063
25/5/2013,113.0,,,3.38675,
5/3/2015,252.86,298.011,,1.93497,0.0128394
8/6/2014,575.617,,,11.2259,0.00479502
13/6/2015,229.277,694.922,,1.78413,0.00801485
1/2/2014,838.31,,,25.4841,0.0207658
25/11/2013,315.76,,,3.99794,0.0105597
29/10/2016,687.331,437.058,11.2157,3.96991,0.00814267
27/2/2016,423.06,553.78,5.97399,3.40416,0.00802163
1/11/2016,701.334,440.591,11.0493,4.01151,0.00818938
10/1/2017,907.185,355.08,10.6746,4.30302,0.00620114
10/1/2016,453.716,531.902,0.98147,3.55302,0.00595928
19/3/2016,419.627,531.772,10.8747,3.18352,0.00828672
7/1/2014,671.42,,,20.0852,0.0219629
28/3/2015,263.101,330.894,,1.67796,0.00994753
5/6/2016,580.809,425.085,13.6742,4.79956,0.00579423
30/10/2015,301.821,558.357,1.03441,3.07779,0.00463701
1/4/2016,416.803,537.658,11.9387,3.23896,0.00731557
5/2/2017,1025.47,360.496,11.4835,4.06444,0.00652187
14/9/2014,487.596,456.537,,4.98857,0.00472437
2/9/2016,572.41,426.226,12.0386,3.82477,0.00601495
11/9/2015,241.852,635.395,1.24914,2.92291,0.0076833
11/7/2013,103.691,,,2.96028,
24/7/2015,279.366,727.636,,3.81546,0.00764118
26/8/2013,103.48,,,2.66569,0.00419553
1/6/2017,2202.45,371.493,229.831,25.5753,0.275432
8/5/2015,241.945,300.511,,1.40775,0.00789473
27/10/2017,5804.69,434.797,297.787,55.4896,0.203294
20/9/2016,609.207,447.994,12.9331,3.82609,0.00685441
25/9/2016,603.552,443.858,12.9048,3.80699,0.0072762
23/5/2015,233.332,293.875,,1.48349,0.00663429
13/4/2016,426.941,496.652,7.83191,3.25909,0.00606458
28/11/2014,353.103,665.282,,3.55857,0.00848315
27/1/2017,907.819,360.158,10.573,3.8401,0.00670916
9/8/2017,3343.37,315.335,301.518,47.7154,0.180523
10/11/2015,385.583,593.249,1.02298,3.30095,0.00465513
2/5/2014,504.638,,,12.2852,0.00613032
13/3/2016,421.658,527.072,13.0593,3.29642,0.00878988
9/2/2015,223.529,372.669,,1.79497,0.0135857
20/8/2017,4102.66,336.626,297.089,45.9558,0.156696
12/9/2017,4031.57,341.484,286.907,62.7492,0.204051
29/7/2016,655.233,424.648,12.4966,3.96864,0.00597455
15/7/2014,634.794,,,7.74621,0.00382076
28/4/2017,1302.71,322.307,58.59,14.6508,0.0366437
4/2/2016,374.445,653.344,2.34967,3.05744,0.00685539
21/6/2016,763.99,474.94,11.3179,5.39024,0.00679144
13/8/2015,265.991,672.248,0.75046,4.10814,0.00867418
18/2/2015,234.847,333.791,,1.82639,0.0149753
11/8/2013,94.13,,,2.94805,
22/2/2016,438.633,570.492,4.26989,3.42146,0.00821968
7/5/2016,447.27,339.555,9.75955,3.76672,0.00626334
24/1/2017,923.955,362.776,10.8037,3.83527,0.00667208
22/11/2014,395.159,382.642,,3.88069,0.00535747
30/5/2015,237.484,392.799,,1.84856,0.00697857
17/1/2017,826.108,367.641,9.77584,3.9057,0.00680276
4/6/2017,2524.54,361.731,222.939,27.1708,0.277345
28/9/2014,412.868,318.276,,4.25387,0.00466234
5/10/2016,610.381,457.676,13.4283,3.8298,0.00805483
16/9/2017,3579.77,337.127,244.171,46.5687,0.173153
3/1/2015,319.854,225.995,,2.70405,0.02424
6/11/2014,339.989,287.574,,3.55966,0.00473937
23/7/2017,2749.24,343.984,228.593,43.3938,0.193185
22/11/2015,321.711,596.34,0.928143,3.14921,0.00421988
7/5/2017,1565.56,311.334,94.0171,28.5678,0.100843
1/10/2013,130.55,,,2.57915,0.0065889
5/5/2014,490.975,,,10.9843,0.00564082
6/7/2014,571.571,,,9.22004,0.00400522
1/1/2017,952.229,350.889,7.99574,4.3256,0.00650623
6/3/2014,549.26,,,15.7927,0.0156294
2/5/2016,449.215,368.085,8.83884,3.69523,0.0067945
29/9/2014,402.317,445.515,,4.71408,0.00462538
4/5/2017,1460.46,312.441,80.051,21.1407,0.0614856
21/2/2016,422.163,568.59,4.39507,3.44515,0.00824148
15/10/2013,134.48,,,2.42818,0.0143469
1/5/2015,220.454,300.223,,1.3641,0.00762595
24/5/2015,234.654,299.072,,1.83386,0.0065645
1/5/2016,454.497,404.975,7.70051,3.73858,0.00681302
24/11/2015,322.651,598.766,0.967793,3.12326,0.00426507
12/8/2013,94.005,,,2.96412,
7/6/2016,585.142,419.876,13.8587,4.9445,0.0057578
23/9/2017,3781.92,353.857,286.215,47.6431,0.175206
3/9/2013,117.879,,,2.75302,0.0029013
21/2/2015,237.533,321.242,,1.81535,0.0137851
2/9/2015,230.462,635.922,1.33424,2.84515,0.00794353
7/11/2015,393.216,579.466,0.901961,3.60897,0.00451709
21/2/2017,1057.53,334.482,12.7692,3.75736,0.00586102
28/6/2015,240.823,811.102,,2.85943,0.011147
29/8/2017,4588.45,333.287,371.792,62.8049,0.220111
2/3/2016,438.973,551.791,6.45819,3.43553,0.00796183
16/10/2014,357.081,383.103,,3.72951,0.00482898
28/3/2016,418.019,542.831,10.9251,3.29687,0.00804757
31/7/2015,294.907,686.431,,4.81314,0.0083031
10/8/2015,278.809,669.493,1.33075,3.93867,0.00843946
11/5/2015,232.015,292.507,,1.45574,0.00760309
28/11/2016,736.83,423.015,9.17103,3.8837,0.0070905
20/6/2014,647.333,,,11.0569,0.0045053
12/6/2017,2910.44,328.586,341.219,32.8029,0.279364
15/5/2017,1811.7,317.219,89.9829,28.7054,0.232271
4/10/2015,237.17,605.962,0.671786,3.00312,0.00582619
12/1/2016,445.916,529.23,1.0642,3.55153,0.0059464
24/4/2014,438.115,,,11.4767,0.00612054
28/6/2013,108.4,,,2.12094,
29/8/2014,525.04,380.448,,5.43209,0.00499528
25/2/2015,246.175,311.698,,1.80207,0.0133726
18/2/2014,831.17,,,19.1125,0.0183476
23/5/2014,433.401,,,10.4638,0.006256
4/4/2016,420.978,513.772,11.5422,3.25613,0.0075319
15/10/2017,5688.99,424.556,336.505,62.7716,0.27141
27/7/2015,275.741,689.665,,4.63416,0.00779124
19/12/2016,790.903,401.436,7.91289,3.67449,0.00656872
10/4/2017,1178.15,323.077,43.2103,8.7631,0.0343332
27/11/2014,364.929,490.941,,3.52745,0.00727824
29/10/2013,140.03,,,1.90007,0.00891616
27/9/2014,398.955,306.339,,4.40471,0.0045678
13/11/2015,312.185,590.484,0.780376,3.19637,0.00423932
27/6/2017,2476.72,332.453,262.385,38.9354,0.256521
9/9/2016,626.582,445.88,11.4234,3.97887,0.00592532
27/10/2013,133.14,,,2.0817,0.010089
30/11/2015,355.642,625.093,0.904788,3.59874,0.00423599
12/11/2015,358.042,597.434,0.920968,2.97004,0.00439183
3/8/2015,287.823,664.287,,4.17755,0.00826981
21/8/2015,257.909,642.631,1.23344,3.45715,0.00786179
15/1/2016,432.285,548.211,1.13232,3.46031,0.00561496
3/2/2015,230.433,323.931,,1.91742,0.0147562
13/12/2013,1031.2,,,38.7441,0.0357765
18/7/2015,290.508,648.146,,3.59868,0.00817193
1/7/2016,639.628,532.35,12.418,4.17301,0.0066887
13/5/2013,,,,4.3594,
30/9/2015,237.11,623.406,0.637005,3.16504,0.00641992
14/12/2016,781.452,399.185,8.36854,3.65103,0.00671154
19/2/2017,1056.68,335.944,12.748,3.78666,0.00559988
11/1/2017,908.901,363.756,10.5849,4.59151,0.00670217
17/9/2013,136.65,,,2.68029,0.00604502
12/1/2015,283.238,217.907,,1.98277,0.0208237
10/9/2017,4203.72,333.162,290.671,65.0826,0.214016
29/1/2014,863.15,,,23.7499,0.0210663
29/2/2016,432.212,545.389,6.39912,3.46898,0.00789251
2/10/2016,612.568,449.825,13.1748,3.84679,0.0086715
16/7/2013,97.504,,,2.835,
24/9/2016,599.086,442.982,13.4375,3.81303,0.00687924
19/1/2015,207.809,208.067,,1.38111,0.0149001
6/1/2015,317.848,228.674,,2.37777,0.0243834
5/5/2017,1555.51,311.53,89.9966,24.3395,0.0826562
5/11/2013,178.19,,,1.89033,0.00729291
19/8/2016,574.18,428.3,10.9316,3.61021,0.00606246
16/5/2014,433.529,,,10.4147,0.00603696
1/10/2017,4412.84,371.009,301.734,54.7111,0.203649
26/1/2015,213.693,258.694,,1.41516,0.0168226
13/7/2013,99.66,,,2.796,
10/6/2016,578.783,441.916,14.474,4.69839,0.00578118
24/7/2014,616.682,,,8.65653,0.0064207
24/8/2014,506.347,388.197,,4.07959,0.00496734
17/8/2017,4338.6,328.849,304.577,45.9763,0.157343
25/9/2017,3947.45,352.656,292.858,51.4285,0.182415
2/12/2015,377.034,600.245,0.869735,3.44683,0.0041994
6/9/2016,605.05,440.238,11.7554,3.97535,0.00592107
20/6/2015,252.393,838.749,,3.11599,0.00997339
27/9/2015,236.82,616.656,0.759275,2.89424,0.00666436
20/12/2016,791.731,397.643,7.72591,3.65891,0.0065323
28/6/2016,644.602,503.076,13.9793,4.09958,0.00637082
6/5/2017,1606.17,311.637,99.136,26.6596,0.100675
28/2/2014,644.56,,,15.7769,0.015269
19/7/2017,2307.55,323.231,209.875,42.2525,0.169109
25/8/2014,492.127,459.888,,4.42368,0.00502726
28/7/2017,2795.81,340.933,195.675,39.4441,0.158596
1/10/2015,236.259,613.611,0.653765,3.00216,0.00587739
25/5/2017,2431.33,352.957,193.231,33.9334,0.287395
13/1/2014,752.77,,,24.446,0.0274381
20/10/2013,129.07,,,2.1449,0.00840092
7/3/2015,258.834,289.71,,1.9183,0.0115605
22/10/2017,6021.49,469.86,294.057,54.7092,0.19525
17/4/2017,1176.36,326.745,48.7774,10.6499,0.0333241
6/11/2013,192.69,,,2.17744,0.00753032
26/12/2016,868.522,363.525,7.25881,4.34826,0.00643583
12/10/2013,130.18,,,2.39315,0.010433
1/11/2015,319.693,561.817,1.054,3.94892,0.00480367
31/10/2015,312.264,575.101,1.15956,4.0162,0.00464907
12/4/2017,1196.61,316.469,43.3702,8.86321,0.0332228
14/3/2014,558.21,,,13.6136,0.0139152
8/9/2014,475.192,435.372,,4.78678,0.00466586
28/10/2016,687.116,439.509,11.5681,4.01184,0.00847929
24/12/2013,921.78,,,30.9011,0.0380613
11/12/2014,375.683,383.878,,3.61547,0.0138999
21/7/2016,670.628,445.714,12.1278,4.12341,0.00642165
13/9/2016,605.681,452.795,11.7704,3.82959,0.00586809
18/6/2016,738.893,472.967,17.6904,5.64596,0.00666855
15/11/2015,330.588,587.266,0.89639,3.21223,0.00448588
7/1/2015,313.639,223.363,,2.12187,0.0243363
13/5/2015,241.203,292.803,,1.44874,0.00738617
7/10/2015,237.909,605.355,0.657051,3.0188,0.0050184
14/7/2016,667.684,471.67,10.5412,4.1643,0.00639318
20/10/2017,6083.22,448.679,303.355,58.7629,0.205418
13/1/2016,448.21,542.526,1.08972,3.53092,0.00586845
2/8/2013,97.8,,,2.94747,
10/9/2014,482.651,358.93,,5.14525,0.00479746
8/9/2015,229.577,635.691,1.32205,3.04908,0.00787858
14/1/2015,282.507,213.522,,1.7118,0.0203149
4/6/2015,231.895,518.381,,1.66666,0.00744432
24/9/2015,231.566,593.56,0.905667,2.86964,0.00718293
26/10/2014,392.849,352.495,,3.92963,0.00518261
19/10/2016,639.741,431.367,12.9278,3.83269,0.00833244
18/11/2015,320.706,591.055,0.924759,3.17375,0.00423128
21/7/2014,629.067,,,8.5506,0.00449126
27/4/2014,455.373,,,12.4126,0.00647059
19/5/2014,440.211,,,10.8024,0.00603199
11/1/2015,274.168,222.755,,2.06664,0.0206663
25/2/2016,423.6,556.605,5.58142,3.37178,0.00798268
14/5/2017,1764.14,312.636,88.6388,29.278,0.216798
17/10/2015,254.377,584.646,0.565953,3.10748,0.00539695
2/11/2014,353.119,342.287,,3.83141,0.00487837
11/11/2016,718.026,432.214,10.5761,3.824,0.00813976
28/2/2017,1166.51,344.165,14.6148,3.80805,0.00560091
12/5/2017,1846.69,314.07,90.4664,31.3444,0.191859
13/6/2014,623.169,,,11.0529,0.00417669
23/5/2016,442.557,421.348,13.9423,3.91553,0.00598855
20/10/2015,265.33,568.761,0.517889,3.01751,0.00499478
17/5/2017,1746.73,313.782,90.3108,22.8828,0.414795
26/10/2013,130.18,,,2.13799,0.00944168
1/12/2013,441.28,,,5.44113,0.0096295
30/4/2017,1317.22,319.271,70.4043,15.8288,0.0539095
25/12/2013,957.82,,,30.9343,0.034566
4/10/2017,4243.24,387.065,292.793,50.6844,0.221785
5/6/2013,122.58,,,3.0921,
20/4/2015,225.966,304.08,,1.40545,0.00803212
10/11/2014,330.595,293.072,,3.64065,0.00485333
4/1/2016,433.444,501.002,0.949483,3.47947,0.00604543
26/9/2014,425.231,297.001,,4.2026,0.00477483
23/7/2015,273.602,635.423,,3.79197,0.00781788
10/8/2014,589.081,543.385,,7.30106,0.00492598
23/7/2016,664.809,425.976,13.8725,4.06304,0.00635886
26/3/2014,639.84,,,16.9373,0.0143668
13/11/2014,340.384,293.47,,3.55392,0.00488568
20/12/2015,462.867,597.974,0.905155,3.75341,0.00639666
15/9/2014,485.551,450.076,,5.23714,0.00471267
10/6/2017,2864.85,324.637,275.873,30.0735,0.287783
22/1/2016,417.34,599.469,1.53028,3.28738,0.0053411
15/6/2014,639.06,,,11.1841,0.00388633
25/9/2015,230.202,628.004,0.895256,2.88735,0.0067231
28/8/2014,504.065,386.801,,5.06436,0.00507132
3/6/2016,535.844,420.282,13.8965,4.71687,0.00580192
30/1/2016,380.316,625.039,2.54749,3.10328,0.00602237
24/8/2017,4388.95,326.806,323.112,49.8758,0.228321
4/9/2015,230.863,632.094,1.32183,2.79555,0.00776936
15/9/2013,133.17,,,2.60021,0.00634881
18/5/2015,236.418,299.762,,1.44967,0.00664948
26/12/2015,454.293,586.597,0.876426,3.6071,0.00601442
12/11/2013,195.8,,,2.1736,0.00630711
23/8/2017,4141.83,330.961,316.627,51.5883,0.261605
20/4/2017,1208.33,319.767,50.8194,9.60504,0.0290361
12/10/2014,328.078,364.176,,3.80151,0.00476451
8/6/2013,125.748,,,3.1162,
10/11/2016,734.757,432.709,10.7357,3.85916,0.00806603
30/8/2017,4577.31,329.718,379.244,64.6631,0.227162
12/10/2015,243.426,595.913,0.631135,3.11043,0.00507786
6/12/2016,751.713,417.883,7.25039,3.54876,0.0064365
9/10/2013,126.39,,,2.39876,0.00974518
15/5/2016,455.342,437.573,9.96488,4.00001,0.00607067
4/9/2014,512.218,361.646,,5.23326,0.00504531
16/7/2015,309.859,605.279,,4.64056,0.00861575
1/3/2015,236.6,295.843,,1.80613,0.0134295
30/5/2014,447.122,,,10.7017,0.00666409
27/2/2015,245.211,307.123,,1.82815,0.0131468
17/3/2015,296.532,337.77,,2.00056,0.0105833
21/4/2016,435.579,506.765,8.68771,3.28558,0.00703661
10/11/2013,185.26,,,2.14753,0.00872816
6/7/2016,675.281,487.92,10.1894,4.47176,0.00667612
13/3/2015,274.759,296.989,,2.01105,0.0107309
21/12/2014,345.42,312.173,,2.83509,0.0210572
16/3/2017,1249.55,314.681,30.6553,4.14015,0.00630277
6/3/2017,1255.06,321.505,19.298,3.87117,0.0061738
3/12/2016,773.419,413.76,7.95619,3.93901,0.00666896
25/10/2014,381.085,349.022,,3.93697,0.00499962
16/3/2015,296.145,348.954,,2.00165,0.0103609
25/1/2015,209.398,269.137,,1.41772,0.0163241
13/6/2016,628.133,456.064,14.392,5.40419,0.00579249
10/7/2013,102.443,,,2.87716,
6/10/2016,610.485,453.418,13.2819,3.84708,0.0075772
5/1/2015,310.6,232.885,,2.67208,0.0242848
21/12/2015,462.06,596.695,0.917421,3.70563,0.00629232
6/8/2016,571.827,415.979,11.0556,3.73293,0.00585464
16/4/2015,237.318,302.772,,1.3423,0.00861532
2/8/2015,288.471,680.952,,4.58911,0.00846964
20/9/2014,476.119,400.219,,5.40656,0.00519781
25/9/2013,127.25,,,2.68863,0.006188
21/8/2013,105.841,,,2.77139,
19/1/2014,864.09,,,29.5781,0.0255103
20/3/2016,409.134,531.403,9.8939,3.16552,0.00799365
20/9/2015,230.049,618.917,0.862011,2.95712,0.00753229
21/10/2015,263.062,565.034,0.491283,3.06501,0.00504065
9/11/2016,704.233,433.735,10.7587,3.84756,0.00821415
23/9/2016,597.254,442.67,12.7775,3.84605,0.00696995
27/12/2016,897.475,360.985,7.25054,4.35055,0.00631907
14/12/2013,1149.14,,,33.7176,0.0527312
30/3/2017,1043.88,320.28,52.6444,4.19638,0.0104128
8/11/2015,375.493,577.902,0.892709,3.66232,0.00457588
11/8/2017,3653.01,315.542,301.145,47.2041,0.178282
13/11/2013,200.01,,,2.24327,0.00664484
20/8/2013,106.56,,,2.76763,
26/11/2015,321.585,622.706,0.883399,3.09992,0.00424434
24/4/2017,1219.07,319.84,48.389,13.8711,0.0311902
22/9/2015,231.004,603.901,0.905599,2.84993,0.00761406
3/12/2015,361.484,591.714,0.847603,3.30907,0.00404908
18/2/2016,407.977,573.472,4.39597,3.25593,0.00838504
15/10/2014,333.213,383.748,,3.80459,0.00483021
3/2/2016,372.942,643.045,2.17973,3.07454,0.00661071
28/5/2014,448.52,,,10.3296,0.00601699
28/5/2013,114.713,,,3.0673,
23/12/2016,860.126,384.162,7.61572,3.70807,0.00638585
31/12/2015,430.244,512.575,0.898058,3.45019,0.00622945
29/4/2015,229.881,305.362,,1.35431,0.00773642
20/7/2016,671.247,468.203,11.1097,4.14649,0.0064142
13/7/2015,269.191,665.041,,4.38765,0.00869165
4/9/2017,4040.3,329.611,308.55,63.2018,0.20652
24/7/2017,2763.76,332.406,223.949,44.5151,0.183243
30/5/2013,114.5,,,2.86922,
30/9/2017,4314.11,369.05,301.681,54.3886,0.197761
19/3/2015,282.985,332.303,,2.03391,0.0108781
11/4/2016,419.538,489.888,8.89539,3.22777,0.00615187
15/10/2016,639.156,447.343,11.9118,3.89325,0.00870693
5/12/2015,360.712,590.676,0.810704,3.34918,0.00431147
22/6/2013,119.0,,,2.53026,
9/1/2016,454.248,515.8,0.967989,3.56906,0.00599296
20/11/2015,333.518,589.332,0.992681,3.19193,0.00426159
4/6/2014,523.193,,,11.4844,0.00369285
16/6/2016,677.808,460.984,18.1187,5.21657,0.00695311
30/4/2016,446.808,413.261,7.61565,3.80193,0.00672028
13/12/2016,780.12,399.675,8.48314,3.66182,0.00677387
15/1/2015,277.861,205.928,,1.73657,0.0191566
30/6/2013,98.399,,,2.113,
28/11/2013,374.95,,,4.33204,0.00892624
25/8/2015,233.695,629.348,1.31819,3.38141,0.00761101
19/9/2015,230.9,627.822,0.868778,2.91062,0.00736841
23/8/2015,229.296,642.091,1.52923,3.57523,0.00788027
4/4/2015,247.838,310.701,,1.66967,0.00798646
17/8/2015,263.99,653.662,1.62884,3.92174,0.00844431
1/12/2014,374.572,404.524,,3.55988,0.010217
31/5/2015,236.773,380.535,,1.83241,0.00856125
16/10/2017,5629.59,449.188,332.953,62.1911,0.257693
2/8/2017,2721.82,329.927,220.291,42.197,0.172409
17/10/2016,642.358,449.025,11.9699,3.88678,0.00810681
1/2/2016,378.179,691.075,2.45472,3.0894,0.00650491
13/6/2013,129.179,,,2.94667,
8/2/2014,850.35,,,21.6138,0.0204128
16/10/2016,641.932,449.853,11.8131,3.87488,0.00816351
7/9/2017,4599.26,332.504,330.701,78.974,0.224295
4/2/2015,232.815,311.917,,1.81733,0.014393
2/5/2015,224.947,297.887,,1.42893,0.00784714
20/2/2017,1045.16,334.92,12.7979,3.76927,0.00589136
5/12/2016,770.395,418.486,7.58668,3.89874,0.00649868
15/3/2014,561.03,,,16.4496,0.015657
22/6/2016,713.075,450.049,12.5258,4.74522,0.00650015
30/6/2017,2547.95,324.747,305.518,40.383,0.26297
9/8/2015,281.459,666.029,2.83162,4.15754,0.00807657
14/6/2013,132.13,,,2.94623,
27/6/2014,599.72,,,9.68775,0.00426714
22/6/2014,650.166,,,10.1421,0.00419815
27/2/2017,1157.63,328.875,13.6252,3.81129,0.00568437
3/7/2015,256.939,776.504,,3.93916,0.0110766
26/7/2014,620.928,,,8.42665,0.00531017
14/2/2015,222.527,344.511,,1.72945,0.0138652
5/5/2015,235.142,298.376,,1.43643,0.00804867
23/4/2017,1208.47,318.904,48.6882,13.158,0.0313187
20/7/2017,2723.0,325.107,227.079,46.9525,0.187071
30/10/2016,703.977,440.702,9.56327,4.08971,0.0077592
10/3/2017,1172.99,322.578,17.254,3.8247,0.00651933
13/6/2017,2759.19,337.767,373.309,29.7662,0.253017
9/7/2013,108.0,,,2.82429,
27/11/2016,734.906,415.621,9.38065,3.89169,0.00739926
27/7/2013,93.804,,,2.79461,
30/8/2016,575.008,421.743,10.9561,3.75509,0.00595305
13/10/2013,134.69,,,2.23438,0.0105899
6/4/2015,247.918,307.731,,1.68513,0.00792272
10/5/2015,234.966,293.744,,1.48681,0.00746871
9/5/2015,234.923,298.314,,1.40537,0.00774952
8/10/2014,384.025,366.891,,4.21165,0.00497405
14/11/2014,347.635,282.502,,3.62078,0.00488264
14/7/2013,93.3311,,,3.05876,
4/9/2013,120.2,,,2.62637,0.00549521
19/7/2013,78.8,,,2.43753,
4/8/2013,91.572,,,2.90203,
27/4/2016,462.843,419.725,7.07753,3.97851,0.00723805
24/10/2017,5403.76,444.823,298.7,55.3611,0.206336
25/9/2014,453.857,361.478,,4.49689,0.004939
28/12/2015,419.127,553.206,0.847465,3.43151,0.00616
7/5/2014,456.307,,,10.0568,0.00526292
8/12/2013,808.91,,,10.7737,0.00995799
19/5/2016,454.584,408.521,13.097,4.03062,0.00604288
11/8/2015,279.598,661.139,0.718413,3.90341,0.00878257
7/6/2017,2846.14,336.468,260.683,30.3166,0.287222
23/4/2015,223.678,298.056,,1.40655,0.00786796
8/7/2017,2521.61,328.005,245.791,51.2745,0.236171
12/9/2013,126.36,,,2.53617,0.00609973
27/6/2015,244.157,826.802,,2.85037,0.0109291
10/1/2014,736.34,,,22.5277,0.0273354
18/7/2013,90.797,,,2.67032,
11/3/2015,271.081,289.438,,1.89908,0.0106628
18/4/2017,1173.51,322.143,48.3175,10.4693,0.0338034
28/8/2013,106.89,,,2.74753,0.00431834
10/3/2016,411.899,519.046,10.5855,3.27039,0.00800281
9/9/2017,4118.61,333.277,294.598,58.9287,0.201866
11/8/2014,586.593,555.949,,7.25921,0.00510773
12/1/2014,719.49,,,24.8874,0.0276683
18/8/2017,4195.47,329.657,293.025,45.4842,0.156507
5/11/2015,392.089,577.167,0.997756,4.6938,0.00539967
3/3/2016,435.1,547.471,7.57226,3.40875,0.00800391
25/5/2014,439.853,,,10.4178,0.00711923
8/8/2016,589.672,411.387,11.0441,3.76438,0.0062985
30/1/2015,246.348,314.4,,2.09319,0.0171752
4/8/2017,2881.56,329.773,222.63,45.666,0.177246
5/4/2014,567.012,,,16.2767,0.0127123
12/7/2014,645.444,,,7.29569,0.00322696
24/6/2015,244.765,834.786,,3.04052,0.0102952
8/8/2013,94.5806,,,2.90025,
15/4/2015,236.266,296.597,,1.4754,0.00831992
29/1/2016,395.106,624.045,2.4033,3.15229,0.00610227
20/10/2016,638.151,428.191,12.0492,3.80478,0.00862019
21/10/2016,631.386,436.195,12.1018,3.79186,0.00901673
3/2/2017,996.304,359.26,10.6725,4.07743,0.00648248
6/11/2015,486.534,575.784,0.892536,4.01708,0.00505055
6/9/2013,121.9,,,2.723,0.00555976
10/7/2017,2473.94,323.446,227.169,46.6857,0.19919
27/9/2017,4165.16,357.822,304.452,56.1249,0.199353
27/5/2016,450.022,434.534,12.2899,4.09264,0.0057081
5/3/2017,1269.28,320.479,19.5345,3.86353,0.00632936
10/12/2013,791.59,,,26.0103,0.0230756
7/12/2013,731.15,,,10.4496,0.008754
19/2/2016,416.817,563.892,3.60813,3.24062,0.00806136
4/7/2017,2618.16,328.528,284.342,53.6017,0.254866
10/7/2014,626.494,,,8.11544,0.00353715
23/6/2013,110.09,,,2.31937,
31/8/2017,4740.6,327.353,383.488,77.2658,0.252892
3/10/2014,410.605,425.414,,4.43887,0.0046932
9/9/2015,236.142,635.855,1.25613,3.05026,0.00791788
23/10/2014,393.288,355.163,,4.04825,0.00491654
27/3/2014,633.27,,,17.3074,0.0143675
23/1/2014,840.98,,,24.5063,0.0225619
7/7/2014,573.299,,,8.98542,0.00403295
24/6/2014,610.96,,,9.69412,0.00393156
10/6/2013,130.77,,,3.11957,
11/7/2014,654.42,,,7.9605,0.00335335
22/4/2015,223.356,298.507,,1.41221,0.00789273
10/4/2016,418.291,481.933,9.91024,3.2165,0.00653416
8/1/2017,892.342,354.259,10.0349,3.94834,0.00635725
9/5/2014,455.845,,,10.3693,0.00536641
3/6/2015,232.603,489.577,,1.60114,0.00802022
19/11/2016,751.231,422.549,9.59268,3.95725,0.00776549
15/8/2015,268.243,664.981,1.43605,3.88109,0.00817068
31/12/2016,949.298,350.291,8.16388,4.38833,0.00639358
11/7/2016,647.317,490.359,10.9862,4.09999,0.00665325
1/7/2015,250.655,811.444,,3.78449,0.0119828
14/6/2015,228.785,697.129,,1.80211,0.00800133
4/9/2016,574.777,427.824,11.6346,3.87397,0.00594834
1/12/2016,747.153,413.747,8.62528,3.88891,0.00671867
25/10/2017,5728.61,430.011,297.488,55.6908,0.205145
20/11/2014,438.286,248.807,,3.82576,0.00512372
7/10/2013,127.31,,,2.43742,0.0111217
31/10/2016,711.374,440.455,10.4667,4.02498,0.0080566
25/12/2015,442.987,596.114,0.862629,3.63877,0.00601948
8/7/2016,645.744,486.272,10.0555,3.99995,0.00656466
14/6/2017,2718.07,339.066,391.513,31.5562,0.267762
12/11/2016,716.853,428.256,10.4817,3.8125,0.00807234
31/7/2016,655.985,406.789,12.6366,4.06588,0.00614588
6/8/2017,3207.59,321.895,267.89,45.597,0.180247
18/6/2013,121.3,,,2.98423,
8/1/2015,314.87,208.409,,2.09109,0.0223958
22/3/2015,287.963,328.866,,1.78275,0.0107855
15/3/2015,295.158,329.286,,2.03479,0.0102288
6/10/2017,4358.31,384.218,308.402,51.7648,0.235656
9/2/2014,890.5,,,21.8387,0.0209537
3/10/2015,236.038,611.022,0.690573,2.99646,0.00544215
8/3/2014,613.72,,,13.6107,0.0113426
31/12/2014,317.811,255.519,,2.73667,0.02536
11/2/2017,965.105,354.764,11.0336,3.77941,0.00631815
2/8/2016,622.498,403.413,11.5751,3.90294,0.00593015
26/6/2016,680.49,465.927,14.2611,4.13054,0.00648706
4/3/2014,625.32,,,13.8882,0.0145808
31/7/2014,622.907,,,7.62424,0.00601495
26/10/2017,5956.31,438.697,296.795,55.5831,0.203363
13/12/2015,449.438,595.092,0.96049,3.52826,0.00823012
2/4/2015,251.687,315.332,,1.67124,0.00856866
17/3/2014,662.1,,,16.3005,0.0160143
22/12/2016,809.513,391.604,7.91506,3.65488,0.00644746
16/5/2015,242.089,300.846,,1.44629,0.00680068
18/8/2013,103.7,,,2.91851,
19/10/2015,269.651,574.491,0.56186,3.06939,0.00520074
25/10/2015,274.985,546.146,0.554031,3.11109,0.00469032
7/1/2016,432.198,509.513,0.945596,3.46103,0.00600151
16/2/2015,220.585,335.742,,1.83299,0.0138338
12/5/2013,,,,4.29983,
25/4/2014,424.927,,,12.7204,0.00682492
2/12/2014,393.176,392.39,,3.56426,0.0130654
13/4/2014,458.605,,,11.0904,0.00748352
9/8/2016,589.44,416.839,11.0411,3.78636,0.00607007
1/3/2017,1177.76,335.454,15.3712,3.77127,0.00549496
13/3/2017,1181.17,318.413,22.178,3.85065,0.0062914
7/11/2016,712.394,440.55,10.8916,3.88683,0.00817339
24/1/2016,378.538,633.842,1.67254,3.08723,0.00515457
24/10/2014,383.645,355.87,,4.00217,0.00493067
30/11/2013,427.99,,,4.29775,0.00987478
26/8/2017,4317.29,320.596,332.854,55.5075,0.207019
30/6/2014,610.083,,,9.8359,0.00417081
1/3/2014,658.47,,,15.4332,0.0153238
18/6/2014,652.765,,,11.1851,0.00409845
15/8/2016,583.588,424.629,11.4278,3.65259,0.0060422
23/3/2014,639.21,,,17.1924,0.0143696
2/7/2016,675.849,498.428,11.796,4.23549,0.00671117
6/2/2016,389.588,646.3,2.52839,3.14909,0.00700133
21/11/2014,384.976,284.787,,3.88704,0.00520155
19/4/2016,428.734,507.251,9.19182,3.25252,0.00716858
9/10/2014,384.461,332.094,,3.96767,0.00506078
4/7/2016,671.149,509.344,11.9714,4.23422,0.0066583
13/8/2016,589.7,428.103,11.9424,3.69478,0.00614184
15/4/2017,1167.97,321.61,46.8719,10.3678,0.0336503
23/1/2015,210.52,245.954,,1.32311,0.0157156
21/7/2015,279.505,604.783,,3.71904,0.00801719
7/9/2016,606.715,448.366,11.6027,3.9742,0.00591619
12/8/2016,592.589,431.978,11.7071,3.73627,0.00618265
11/8/2016,588.482,422.031,12.3156,3.75409,0.00617124
2/8/2014,601.76,555.886,,7.79101,0.00603468
3/3/2014,641.65,,,14.7345,0.0153568
7/10/2014,381.27,363.776,,4.29692,0.00484274
8/12/2015,395.493,573.872,0.820218,3.63983,0.00541562
9/11/2013,185.65,,,2.24922,0.0074298
26/7/2015,277.419,696.093,,4.54429,0.00764902
14/3/2015,286.625,304.135,,2.00866,0.0101994
7/9/2015,227.93,635.369,1.30895,2.9186,0.00783816
18/4/2016,430.382,498.601,8.88601,3.26051,0.00653216
1/8/2016,638.209,407.083,12.269,4.04894,0.00603919
26/10/2016,656.597,438.561,11.4441,3.90156,0.00892579
19/4/2017,1212.91,321.802,50.5907,10.3222,0.0333867
16/1/2016,430.633,553.28,1.21516,3.16776,0.00546184
2/7/2015,248.758,782.288,,4.08246,0.0117521
8/7/2013,107.25,,,2.87482,
14/2/2016,385.471,658.533,4.71205,3.12197,0.00802083
9/9/2014,481.846,432.004,,4.90842,0.00478204
4/8/2015,284.676,686.549,,4.19345,0.00818058
24/11/2013,353.33,,,3.9143,0.00889267
8/7/2014,584.93,,,8.88478,0.00405627
14/10/2017,5852.48,417.491,342.717,69.2797,0.2579
10/2/2014,803.34,,,21.245,0.0203404
2/6/2016,532.141,416.917,13.4812,4.73519,0.00574949
25/1/2014,908.02,,,25.4246,0.0221986
5/10/2014,398.393,420.495,,4.26885,0.00471112
20/12/2014,351.142,340.493,,2.9449,0.0181027
17/5/2016,457.085,429.718,10.0289,4.14313,0.00605062
30/6/2016,637.476,537.857,11.9359,4.07156,0.00676909
3/6/2013,123.88,,,3.18818,
14/8/2016,588.941,421.821,11.7619,3.70815,0.00609222
17/10/2017,5514.57,463.547,314.736,56.4092,0.22401
19/4/2015,222.072,305.671,,1.42237,0.00799573
20/11/2013,230.43,,,4.39321,0.00715258
17/4/2015,235.823,323.398,,1.41006,0.0082059
2/6/2015,237.094,516.912,,1.64204,0.00834071
28/10/2017,5727.58,440.733,296.689,55.2704,0.201688
19/8/2014,580.499,441.732,,4.92022,0.0049334
4/7/2015,264.057,721.542,,4.06901,0.0110382
7/2/2017,1040.23,359.351,11.4386,4.05563,0.00645752
3/12/2013,558.49,,,7.10458,0.0103268
16/8/2014,593.09,518.416,,6.86914,0.00499822
24/9/2013,120.85,,,2.65227,0.0059111
5/6/2017,2527.34,369.165,248.037,28.729,0.297742
